Playoffs,Week,Game,Team,Start,Player,Projection,Points
0,1,1,Ken'nNat,1,QB,20,7
0,1,1,Ken'nNat,1,WR,12,13
0,1,1,Ken'nNat,1,WR,12,8
0,1,1,Ken'nNat,1,WR,8,21
0,1,1,Ken'nNat,1,RB,10,8
0,1,1,Ken'nNat,1,RB,8,5
0,1,1,Ken'nNat,1,TE,9,3
0,1,1,Ken'nNat,1,K,11,12
0,1,1,Ken'nNat,1,DEF,8,9
0,1,1,Ken'nNat,0,RB,8,22
0,1,1,Ken'nNat,0,WR,9,5
0,1,1,Ken'nNat,0,TE,6,20
0,1,1,Ken'nNat,0,RB,6,8
0,1,1,Ken'nNat,0,QB,13,1
0,1,1,Ken'nNat,0,WR,7,2
0,1,1,Soccer Team,1,QB,20,20
0,1,1,Soccer Team,1,WR,9,1
0,1,1,Soccer Team,1,WR,9,8
0,1,1,Soccer Team,1,WR,8,8
0,1,1,Soccer Team,1,RB,15,5
0,1,1,Soccer Team,1,RB,9,9
0,1,1,Soccer Team,1,TE,11,3
0,1,1,Soccer Team,1,K,12,8
0,1,1,Soccer Team,1,DEF,8,1
0,1,1,Soccer Team,0,QB,18,20
0,1,1,Soccer Team,0,RB,7,14
0,1,1,Soccer Team,0,WR,7,8
0,1,1,Soccer Team,0,WR,7,0
0,1,1,Soccer Team,0,TE,6,11
0,1,1,Soccer Team,0,RB,6,6
0,1,2,Die Ubermanner,1,QB,24,9
0,1,2,Die Ubermanner,1,WR,11,21
0,1,2,Die Ubermanner,1,WR,8,5
0,1,2,Die Ubermanner,1,WR,8,17
0,1,2,Die Ubermanner,1,RB,12,5
0,1,2,Die Ubermanner,1,RB,9,20
0,1,2,Die Ubermanner,1,TE,8,1
0,1,2,Die Ubermanner,1,K,8,11
0,1,2,Die Ubermanner,1,DEF,8,6
0,1,2,Die Ubermanner,0,WR,NA,NA
0,1,2,Die Ubermanner,0,WR,8,1
0,1,2,Die Ubermanner,0,RB,8,3
0,1,2,Die Ubermanner,0,RB,6,2
0,1,2,Die Ubermanner,0,QB,0,0
0,1,2,Die Ubermanner,0,RB,6,3
0,1,2,SteaGles,1,QB,23,21
0,1,2,SteaGles,1,WR,12,4
0,1,2,SteaGles,1,WR,8,5
0,1,2,SteaGles,1,WR,6,4
0,1,2,SteaGles,1,RB,9,14
0,1,2,SteaGles,1,RB,7,8
0,1,2,SteaGles,1,TE,9,4
0,1,2,SteaGles,1,K,8,14
0,1,2,SteaGles,1,DEF,10,12
0,1,2,SteaGles,0,WR,0,0
0,1,2,SteaGles,0,RB,6,1
0,1,2,SteaGles,0,RB,6,5
0,1,2,SteaGles,0,WR,8,1
0,1,2,SteaGles,0,WR,8,12
0,1,2,SteaGles,0,DEF,9,3
0,1,3,Demo Demolishers,1,QB,24,21
0,1,3,Demo Demolishers,1,WR,15,6
0,1,3,Demo Demolishers,1,WR,9,5
0,1,3,Demo Demolishers,1,WR,9,9
0,1,3,Demo Demolishers,1,RB,10,15
0,1,3,Demo Demolishers,1,RB,7,4
0,1,3,Demo Demolishers,1,TE,7,0
0,1,3,Demo Demolishers,1,K,10,9
0,1,3,Demo Demolishers,1,DEF,12,0
0,1,3,Demo Demolishers,0,RB,5,3
0,1,3,Demo Demolishers,0,WR,0,0
0,1,3,Demo Demolishers,0,QB,20,5
0,1,3,Demo Demolishers,0,WR,6,11
0,1,3,Demo Demolishers,0,TE,4,4
0,1,3,Demo Demolishers,0,DEF,8,32
0,1,3,Justin's Team,1,QB,21,35
0,1,3,Justin's Team,1,WR,11,6
0,1,3,Justin's Team,1,WR,11,12
0,1,3,Justin's Team,1,WR,8,1
0,1,3,Justin's Team,1,RB,12,9
0,1,3,Justin's Team,1,RB,8,10
0,1,3,Justin's Team,1,TE,9,0
0,1,3,Justin's Team,1,K,9,3
0,1,3,Justin's Team,1,DEF,4,3
0,1,3,Justin's Team,0,QB,NA,NA
0,1,3,Justin's Team,0,RB,NA,NA
0,1,3,Justin's Team,0,WR,6,2
0,1,3,Justin's Team,0,RB,4,0
0,1,3,Justin's Team,0,WR,4,2
0,1,3,Justin's Team,0,TE,4,4
0,1,4,Dem Gulls,1,QB,29,12
0,1,4,Dem Gulls,1,WR,10,2
0,1,4,Dem Gulls,1,WR,8,-2
0,1,4,Dem Gulls,1,WR,9,4
0,1,4,Dem Gulls,1,RB,11,13
0,1,4,Dem Gulls,1,RB,10,40
0,1,4,Dem Gulls,1,TE,8,7
0,1,4,Dem Gulls,1,K,8,6
0,1,4,Dem Gulls,1,DEF,11,21
0,1,4,Dem Gulls,0,WR,NA,NA
0,1,4,Dem Gulls,0,RB,8,3
0,1,4,Dem Gulls,0,QB,16,22
0,1,4,Dem Gulls,0,TE,NA,NA
0,1,4,Dem Gulls,0,RB,NA,NA
0,1,4,Dem Gulls,0,WR,6,14
0,1,4,Koersteel,1,QB,22,24
0,1,4,Koersteel,1,WR,13,7
0,1,4,Koersteel,1,WR,10,1
0,1,4,Koersteel,1,WR,8,2
0,1,4,Koersteel,1,RB,12,12
0,1,4,Koersteel,1,RB,9,4
0,1,4,Koersteel,1,TE,8,9
0,1,4,Koersteel,1,K,10,15
0,1,4,Koersteel,1,DEF,8,17
0,1,4,Koersteel,0,WR,9,5
0,1,4,Koersteel,0,RB,6,0
0,1,4,Koersteel,0,RB,0,0
0,1,4,Koersteel,0,WR,6,3
0,1,4,Koersteel,0,QB,15,33
0,1,4,Koersteel,0,TE,NA,NA
0,1,5,Flashed Past,1,QB,21,-9
0,1,5,Flashed Past,1,WR,10,11
0,1,5,Flashed Past,1,WR,8,7
0,1,5,Flashed Past,1,WR,10,3
0,1,5,Flashed Past,1,RB,14,15
0,1,5,Flashed Past,1,RB,7,2
0,1,5,Flashed Past,1,TE,8,4
0,1,5,Flashed Past,1,K,8,0
0,1,5,Flashed Past,1,DEF,8,7
0,1,5,Flashed Past,0,RB,0,0
0,1,5,Flashed Past,0,QB,20,20
0,1,5,Flashed Past,0,RB,NA,NA
0,1,5,Flashed Past,0,WR,8,6
0,1,5,Flashed Past,0,TE,NA,NA
0,1,5,Flashed Past,0,WR,NA,NA
0,1,5,TheBusters,1,QB,25,15
0,1,5,TheBusters,1,WR,10,4
0,1,5,TheBusters,1,WR,9,2
0,1,5,TheBusters,1,WR,9,12
0,1,5,TheBusters,1,RB,13,17
0,1,5,TheBusters,1,RB,9,8
0,1,5,TheBusters,1,TE,7,0
0,1,5,TheBusters,1,K,9,6
0,1,5,TheBusters,1,DEF,8,34
0,1,5,TheBusters,0,RB,10,7
0,1,5,TheBusters,0,WR,9,7
0,1,5,TheBusters,0,RB,6,2
0,1,5,TheBusters,0,QB,21,9
0,1,5,TheBusters,0,WR,7,0
0,1,5,TheBusters,0,TE,4,11
0,1,6,Rochambeau,1,QB,28,19
0,1,6,Rochambeau,1,WR,13,20
0,1,6,Rochambeau,1,WR,9,11
0,1,6,Rochambeau,1,WR,10,6
0,1,6,Rochambeau,1,RB,9,15
0,1,6,Rochambeau,1,RB,8,1
0,1,6,Rochambeau,1,TE,7,8
0,1,6,Rochambeau,1,K,8,6
0,1,6,Rochambeau,1,DEF,9,7
0,1,6,Rochambeau,0,WR,8,9
0,1,6,Rochambeau,0,TE,6,4
0,1,6,Rochambeau,0,QB,17,22
0,1,6,Rochambeau,0,RB,7,13
0,1,6,Rochambeau,0,WR,5,13
0,1,6,Rochambeau,0,K,0,0
0,1,6,Tungahoo,1,QB,23,19
0,1,6,Tungahoo,1,WR,10,6
0,1,6,Tungahoo,1,WR,9,4
0,1,6,Tungahoo,1,WR,7,1
0,1,6,Tungahoo,1,RB,15,4
0,1,6,Tungahoo,1,RB,7,6
0,1,6,Tungahoo,1,TE,6,0
0,1,6,Tungahoo,1,K,8,7
0,1,6,Tungahoo,1,DEF,3,3
0,1,6,Tungahoo,0,WR,NA,NA
0,1,6,Tungahoo,0,RB,8,1
0,1,6,Tungahoo,0,WR,NA,NA
0,1,6,Tungahoo,0,WR,7,6
0,1,6,Tungahoo,0,QB,NA,NA
0,1,6,Tungahoo,0,TE,5,1
0,2,1,Flashed Past,1,QB,20,13
0,2,1,Flashed Past,1,WR,10,7
0,2,1,Flashed Past,1,WR,10,2
0,2,1,Flashed Past,1,WR,10,7
0,2,1,Flashed Past,1,RB,16,1
0,2,1,Flashed Past,1,RB,11,14
0,2,1,Flashed Past,1,TE,8,4
0,2,1,Flashed Past,1,K,7,8
0,2,1,Flashed Past,1,DEF,12,12
0,2,1,Flashed Past,0,QB,15,8
0,2,1,Flashed Past,0,RB,5,1
0,2,1,Flashed Past,0,RB,0,0
0,2,1,Flashed Past,0,WR,7,3
0,2,1,Flashed Past,0,TE,5,2
0,2,1,Flashed Past,0,WR,7,9
0,2,1,Soccer Team,1,QB,18,17
0,2,1,Soccer Team,1,WR,9,26
0,2,1,Soccer Team,1,WR,8,7
0,2,1,Soccer Team,1,WR,8,2
0,2,1,Soccer Team,1,RB,8,8
0,2,1,Soccer Team,1,RB,8,10
0,2,1,Soccer Team,1,TE,11,19
0,2,1,Soccer Team,1,K,12,6
0,2,1,Soccer Team,1,DEF,11,24
0,2,1,Soccer Team,0,QB,17,17
0,2,1,Soccer Team,0,WR,7,0
0,2,1,Soccer Team,0,TE,6,9
0,2,1,Soccer Team,0,RB,8,9
0,2,1,Soccer Team,0,RB,7,3
0,2,1,Soccer Team,0,DEF,7,3
0,2,2,Ken'nNat,1,QB,24,16
0,2,2,Ken'nNat,1,WR,12,0
0,2,2,Ken'nNat,1,WR,12,3
0,2,2,Ken'nNat,1,WR,8,2
0,2,2,Ken'nNat,1,RB,10,10
0,2,2,Ken'nNat,1,RB,8,12
0,2,2,Ken'nNat,1,TE,9,4
0,2,2,Ken'nNat,1,K,10,14
0,2,2,Ken'nNat,1,DEF,14,10
0,2,2,Ken'nNat,0,RB,8,10
0,2,2,Ken'nNat,0,WR,6,1
0,2,2,Ken'nNat,0,TE,7,0
0,2,2,Ken'nNat,0,RB,6,3
0,2,2,Ken'nNat,0,QB,14,20
0,2,2,Ken'nNat,0,WR,8,0
0,2,2,SteaGles,1,QB,23,21
0,2,2,SteaGles,1,WR,10,11
0,2,2,SteaGles,1,WR,8,5
0,2,2,SteaGles,1,WR,8,13
0,2,2,SteaGles,1,RB,12,22
0,2,2,SteaGles,1,RB,9,28
0,2,2,SteaGles,1,TE,8,18
0,2,2,SteaGles,1,K,8,9
0,2,2,SteaGles,1,DEF,12,12
0,2,2,SteaGles,0,WR,6,2
0,2,2,SteaGles,0,WR,10,3
0,2,2,SteaGles,0,RB,5,2
0,2,2,SteaGles,0,RB,5,10
0,2,2,SteaGles,0,WR,1,0
0,2,2,SteaGles,0,DEF,8,2
0,2,3,Demo Demolishers,1,QB,25,18
0,2,3,Demo Demolishers,1,WR,15,12
0,2,3,Demo Demolishers,1,WR,9,15
0,2,3,Demo Demolishers,1,WR,9,12
0,2,3,Demo Demolishers,1,RB,11,21
0,2,3,Demo Demolishers,1,RB,6,8
0,2,3,Demo Demolishers,1,TE,7,4
0,2,3,Demo Demolishers,1,K,10,10
0,2,3,Demo Demolishers,1,DEF,10,11
0,2,3,Demo Demolishers,0,RB,0,0
0,2,3,Demo Demolishers,0,WR,0,0
0,2,3,Demo Demolishers,0,QB,20,12
0,2,3,Demo Demolishers,0,WR,7,0
0,2,3,Demo Demolishers,0,WR,8,20
0,2,3,Demo Demolishers,0,DEF,14,23
0,2,3,Koersteel,1,QB,25,27
0,2,3,Koersteel,1,WR,11,6
0,2,3,Koersteel,1,WR,8,15
0,2,3,Koersteel,1,WR,10,3
0,2,3,Koersteel,1,RB,10,0
0,2,3,Koersteel,1,RB,9,5
0,2,3,Koersteel,1,TE,7,9
0,2,3,Koersteel,1,K,9,7
0,2,3,Koersteel,1,DEF,13,10
0,2,3,Koersteel,0,WR,8,18
0,2,3,Koersteel,0,RB,0,0
0,2,3,Koersteel,0,RB,7,0
0,2,3,Koersteel,0,WR,5,3
0,2,3,Koersteel,0,QB,0,0
0,2,3,Koersteel,0,TE,3,1
0,2,4,Die Ubermanner,1,QB,16,13
0,2,4,Die Ubermanner,1,WR,13,4
0,2,4,Die Ubermanner,1,WR,12,15
0,2,4,Die Ubermanner,1,WR,8,2
0,2,4,Die Ubermanner,1,RB,10,2
0,2,4,Die Ubermanner,1,RB,11,12
0,2,4,Die Ubermanner,1,TE,8,1
0,2,4,Die Ubermanner,1,K,8,12
0,2,4,Die Ubermanner,1,DEF,8,-1
0,2,4,Die Ubermanner,0,WR,7,1
0,2,4,Die Ubermanner,0,WR,6,3
0,2,4,Die Ubermanner,0,RB,8,1
0,2,4,Die Ubermanner,0,RB,4,15
0,2,4,Die Ubermanner,0,QB,0,0
0,2,4,Die Ubermanner,0,RB,7,3
0,2,4,TheBusters,1,QB,20,11
0,2,4,TheBusters,1,WR,12,8
0,2,4,TheBusters,1,WR,9,7
0,2,4,TheBusters,1,WR,8,2
0,2,4,TheBusters,1,RB,14,3
0,2,4,TheBusters,1,RB,9,15
0,2,4,TheBusters,1,TE,5,15
0,2,4,TheBusters,1,K,9,5
0,2,4,TheBusters,1,DEF,9,2
0,2,4,TheBusters,0,RB,6,3
0,2,4,TheBusters,0,TE,7,8
0,2,4,TheBusters,0,WR,8,4
0,2,4,TheBusters,0,RB,6,7
0,2,4,TheBusters,0,QB,22,18
0,2,4,TheBusters,0,WR,8,7
0,2,5,Justin's Team,1,QB,25,14
0,2,5,Justin's Team,1,WR,11,4
0,2,5,Justin's Team,1,WR,12,3
0,2,5,Justin's Team,1,WR,8,1
0,2,5,Justin's Team,1,RB,12,21
0,2,5,Justin's Team,1,RB,7,0
0,2,5,Justin's Team,1,TE,10,0
0,2,5,Justin's Team,1,K,9,16
0,2,5,Justin's Team,1,DEF,11,6
0,2,5,Justin's Team,0,QB,17,15
0,2,5,Justin's Team,0,RB,0,0
0,2,5,Justin's Team,0,WR,5,1
0,2,5,Justin's Team,0,RB,0,6
0,2,5,Justin's Team,0,WR,1,4
0,2,5,Justin's Team,0,TE,5,10
0,2,5,Tungahoo,1,QB,25,28
0,2,5,Tungahoo,1,WR,10,3
0,2,5,Tungahoo,1,WR,8,15
0,2,5,Tungahoo,1,WR,8,3
0,2,5,Tungahoo,1,RB,14,8
0,2,5,Tungahoo,1,RB,8,7
0,2,5,Tungahoo,1,TE,6,10
0,2,5,Tungahoo,1,K,7,8
0,2,5,Tungahoo,1,DEF,8,14
0,2,5,Tungahoo,0,WR,7,0
0,2,5,Tungahoo,0,WR,8,7
0,2,5,Tungahoo,0,RB,7,2
0,2,5,Tungahoo,0,WR,8,0
0,2,5,Tungahoo,0,QB,22,15
0,2,5,Tungahoo,0,TE,5,7
0,2,6,Dem Gulls,1,QB,30,37
0,2,6,Dem Gulls,1,WR,9,8
0,2,6,Dem Gulls,1,WR,7,6
0,2,6,Dem Gulls,1,WR,8,4
0,2,6,Dem Gulls,1,RB,12,13
0,2,6,Dem Gulls,1,RB,12,22
0,2,6,Dem Gulls,1,TE,7,12
0,2,6,Dem Gulls,1,K,8,6
0,2,6,Dem Gulls,1,DEF,10,10
0,2,6,Dem Gulls,0,WR,0,0
0,2,6,Dem Gulls,0,WR,8,4
0,2,6,Dem Gulls,0,RB,7,7
0,2,6,Dem Gulls,0,QB,24,29
0,2,6,Dem Gulls,0,TE,6,2
0,2,6,Dem Gulls,0,RB,8,12
0,2,6,Rochambeau,1,QB,27,21
0,2,6,Rochambeau,1,WR,13,6
0,2,6,Rochambeau,1,WR,7,9
0,2,6,Rochambeau,1,WR,10,7
0,2,6,Rochambeau,1,RB,9,6
0,2,6,Rochambeau,1,RB,6,3
0,2,6,Rochambeau,1,TE,8,4
0,2,6,Rochambeau,1,K,8,9
0,2,6,Rochambeau,1,DEF,9,16
0,2,6,Rochambeau,0,WR,7,8
0,2,6,Rochambeau,0,TE,4,7
0,2,6,Rochambeau,0,QB,21,21
0,2,6,Rochambeau,0,RB,7,4
0,2,6,Rochambeau,0,WR,8,3
0,2,6,Rochambeau,0,K,0,0
0,3,1,Die Ubermanner,1,QB,21,34
0,3,1,Die Ubermanner,1,WR,13,14
0,3,1,Die Ubermanner,1,WR,10,6
0,3,1,Die Ubermanner,1,WR,7,9
0,3,1,Die Ubermanner,1,RB,10,13
0,3,1,Die Ubermanner,1,RB,8,6
0,3,1,Die Ubermanner,1,TE,6,7
0,3,1,Die Ubermanner,1,K,6,6
0,3,1,Die Ubermanner,1,DEF,12,7
0,3,1,Die Ubermanner,0,RB,7,10
0,3,1,Die Ubermanner,0,RB,9,19
0,3,1,Die Ubermanner,0,TE,0,0
0,3,1,Die Ubermanner,0,WR,8,11
0,3,1,Die Ubermanner,0,RB,6,9
0,3,1,Die Ubermanner,0,QB,0,0
0,3,1,Soccer Team,1,QB,19,26
0,3,1,Soccer Team,1,WR,10,0
0,3,1,Soccer Team,1,WR,8,16
0,3,1,Soccer Team,1,WR,7,5
0,3,1,Soccer Team,1,RB,7,9
0,3,1,Soccer Team,1,RB,8,2
0,3,1,Soccer Team,1,TE,11,14
0,3,1,Soccer Team,1,K,9,8
0,3,1,Soccer Team,1,DEF,13,8
0,3,1,Soccer Team,0,RB,8,5
0,3,1,Soccer Team,0,TE,6,2
0,3,1,Soccer Team,0,QB,18,7
0,3,1,Soccer Team,0,RB,6,-1
0,3,1,Soccer Team,0,WR,0,0
0,3,1,Soccer Team,0,DEF,10,7
0,3,2,SteaGles,1,QB,22,12
0,3,2,SteaGles,1,WR,10,7
0,3,2,SteaGles,1,WR,10,19
0,3,2,SteaGles,1,WR,7,6
0,3,2,SteaGles,1,RB,12,4
0,3,2,SteaGles,1,RB,10,3
0,3,2,SteaGles,1,TE,10,0
0,3,2,SteaGles,1,K,8,12
0,3,2,SteaGles,1,DEF,12,6
0,3,2,SteaGles,0,WR,7,18
0,3,2,SteaGles,0,WR,9,1
0,3,2,SteaGles,0,RB,7,11
0,3,2,SteaGles,0,RB,8,2
0,3,2,SteaGles,0,WR,7,8
0,3,2,SteaGles,0,DEF,11,13
0,3,2,TheBusters,1,QB,20,4
0,3,2,TheBusters,1,WR,10,14
0,3,2,TheBusters,1,WR,10,0
0,3,2,TheBusters,1,WR,9,11
0,3,2,TheBusters,1,RB,13,6
0,3,2,TheBusters,1,RB,11,21
0,3,2,TheBusters,1,TE,6,0
0,3,2,TheBusters,1,K,9,9
0,3,2,TheBusters,1,DEF,10,5
0,3,2,TheBusters,0,RB,9,5
0,3,2,TheBusters,0,TE,8,0
0,3,2,TheBusters,0,WR,8,14
0,3,2,TheBusters,0,RB,6,16
0,3,2,TheBusters,0,QB,16,27
0,3,2,TheBusters,0,WR,8,6
0,3,3,Demo Demolishers,1,QB,24,16
0,3,3,Demo Demolishers,1,WR,16,9
0,3,3,Demo Demolishers,1,WR,10,5
0,3,3,Demo Demolishers,1,WR,10,6
0,3,3,Demo Demolishers,1,RB,12,34
0,3,3,Demo Demolishers,1,RB,8,7
0,3,3,Demo Demolishers,1,TE,6,1
0,3,3,Demo Demolishers,1,K,10,4
0,3,3,Demo Demolishers,1,DEF,12,-5
0,3,3,Demo Demolishers,0,RB,0,0
0,3,3,Demo Demolishers,0,WR,0,0
0,3,3,Demo Demolishers,0,QB,16,28
0,3,3,Demo Demolishers,0,WR,8,0
0,3,3,Demo Demolishers,0,DEF,3,9
0,3,3,Tungahoo,1,QB,25,26
0,3,3,Tungahoo,1,WR,9,1
0,3,3,Tungahoo,1,WR,10,6
0,3,3,Tungahoo,1,WR,8,14
0,3,3,Tungahoo,1,RB,15,15
0,3,3,Tungahoo,1,RB,8,8
0,3,3,Tungahoo,1,TE,6,0
0,3,3,Tungahoo,1,K,9,19
0,3,3,Tungahoo,1,DEF,8,16
0,3,3,Tungahoo,0,WR,6,11
0,3,3,Tungahoo,0,WR,9,4
0,3,3,Tungahoo,0,WR,0,0
0,3,3,Tungahoo,0,QB,21,11
0,3,3,Tungahoo,0,RB,6,0
0,3,3,Tungahoo,0,WR,7,1
0,3,4,Dem Gulls,1,QB,29,46
0,3,4,Dem Gulls,1,WR,9,13
0,3,4,Dem Gulls,1,WR,7,2
0,3,4,Dem Gulls,1,WR,7,4
0,3,4,Dem Gulls,1,RB,11,13
0,3,4,Dem Gulls,1,RB,14,26
0,3,4,Dem Gulls,1,TE,8,3
0,3,4,Dem Gulls,1,K,8,10
0,3,4,Dem Gulls,1,DEF,11,8
0,3,4,Dem Gulls,0,WR,8,2
0,3,4,Dem Gulls,0,WR,8,23
0,3,4,Dem Gulls,0,QB,21,15
0,3,4,Dem Gulls,0,TE,4,1
0,3,4,Dem Gulls,0,RB,8,1
0,3,4,Dem Gulls,0,RB,7,26
0,3,4,Justin's Team,1,QB,16,18
0,3,4,Justin's Team,1,WR,11,18
0,3,4,Justin's Team,1,WR,11,0
0,3,4,Justin's Team,1,WR,6,6
0,3,4,Justin's Team,1,RB,14,21
0,3,4,Justin's Team,1,RB,5,12
0,3,4,Justin's Team,1,TE,7,7
0,3,4,Justin's Team,1,K,9,4
0,3,4,Justin's Team,1,DEF,8,6
0,3,4,Justin's Team,0,QB,22,19
0,3,4,Justin's Team,0,RB,0,0
0,3,4,Justin's Team,0,WR,5,0
0,3,4,Justin's Team,0,RB,6,1
0,3,4,Justin's Team,0,TE,5,4
0,3,4,Justin's Team,0,WR,5,3
0,3,5,Flashed Past,1,QB,17,23
0,3,5,Flashed Past,1,WR,10,7
0,3,5,Flashed Past,1,WR,10,4
0,3,5,Flashed Past,1,WR,8,22
0,3,5,Flashed Past,1,RB,12,1
0,3,5,Flashed Past,1,RB,13,15
0,3,5,Flashed Past,1,TE,8,1
0,3,5,Flashed Past,1,K,8,7
0,3,5,Flashed Past,1,DEF,9,-2
0,3,5,Flashed Past,0,RB,5,2
0,3,5,Flashed Past,0,QB,16,20
0,3,5,Flashed Past,0,RB,0,0
0,3,5,Flashed Past,0,WR,7,6
0,3,5,Flashed Past,0,TE,5,9
0,3,5,Flashed Past,0,WR,7,5
0,3,5,Ken'nNat,1,QB,19,42
0,3,5,Ken'nNat,1,WR,12,17
0,3,5,Ken'nNat,1,WR,10,29
0,3,5,Ken'nNat,1,WR,8,31
0,3,5,Ken'nNat,1,RB,11,1
0,3,5,Ken'nNat,1,RB,11,3
0,3,5,Ken'nNat,1,TE,6,10
0,3,5,Ken'nNat,1,K,10,14
0,3,5,Ken'nNat,1,DEF,9,-3
0,3,5,Ken'nNat,0,TE,0,0
0,3,5,Ken'nNat,0,RB,7,8
0,3,5,Ken'nNat,0,TE,6,0
0,3,5,Ken'nNat,0,RB,7,3
0,3,5,Ken'nNat,0,QB,17,18
0,3,5,Ken'nNat,0,WR,8,2
0,3,6,Koersteel,1,QB,23,4
0,3,6,Koersteel,1,WR,9,3
0,3,6,Koersteel,1,WR,8,24
0,3,6,Koersteel,1,WR,9,7
0,3,6,Koersteel,1,RB,9,27
0,3,6,Koersteel,1,RB,9,13
0,3,6,Koersteel,1,TE,9,8
0,3,6,Koersteel,1,K,9,4
0,3,6,Koersteel,1,DEF,9,-2
0,3,6,Koersteel,0,WR,13,19
0,3,6,Koersteel,0,RB,0,0
0,3,6,Koersteel,0,RB,4,0
0,3,6,Koersteel,0,WR,5,0
0,3,6,Koersteel,0,QB,0,0
0,3,6,Koersteel,0,TE,3,1
0,3,6,Rochambeau,1,QB,28,31
0,3,6,Rochambeau,1,WR,17,19
0,3,6,Rochambeau,1,WR,7,0
0,3,6,Rochambeau,1,WR,10,9
0,3,6,Rochambeau,1,RB,10,22
0,3,6,Rochambeau,1,RB,7,9
0,3,6,Rochambeau,1,TE,6,0
0,3,6,Rochambeau,1,K,8,6
0,3,6,Rochambeau,1,DEF,13,4
0,3,6,Rochambeau,0,WR,7,2
0,3,6,Rochambeau,0,TE,7,-2
0,3,6,Rochambeau,0,QB,21,0
0,3,6,Rochambeau,0,RB,7,5
0,3,6,Rochambeau,0,WR,6,1
0,3,6,Rochambeau,0,K,0,0
0,4,1,Soccer Team,1,QB,20,29
0,4,1,Soccer Team,1,WR,7,0
0,4,1,Soccer Team,1,WR,7,3
0,4,1,Soccer Team,1,WR,7,5
0,4,1,Soccer Team,1,RB,7,4
0,4,1,Soccer Team,1,RB,9,24
0,4,1,Soccer Team,1,TE,11,8
0,4,1,Soccer Team,1,K,8,2
0,4,1,Soccer Team,1,DEF,12,15
0,4,1,Soccer Team,0,WR,6,19
0,4,1,Soccer Team,0,WR,7,6
0,4,1,Soccer Team,0,WR,0,0
0,4,1,Soccer Team,0,WR,7,10
0,4,1,Soccer Team,0,RB,8,4
0,4,1,Soccer Team,0,DEF,12,17
0,4,1,Tungahoo,1,QB,27,24
0,4,1,Tungahoo,1,WR,9,7
0,4,1,Tungahoo,1,WR,7,2
0,4,1,Tungahoo,1,WR,9,4
0,4,1,Tungahoo,1,RB,14,32
0,4,1,Tungahoo,1,RB,9,5
0,4,1,Tungahoo,1,TE,6,2
0,4,1,Tungahoo,1,K,8,6
0,4,1,Tungahoo,1,DEF,9,11
0,4,1,Tungahoo,0,WR,7,13
0,4,1,Tungahoo,0,WR,7,5
0,4,1,Tungahoo,0,WR,0,0
0,4,1,Tungahoo,0,QB,20,3
0,4,1,Tungahoo,0,RB,3,2
0,4,1,Tungahoo,0,WR,5,0
0,4,2,Demo Demolishers,1,QB,20,33
0,4,2,Demo Demolishers,1,WR,16,3
0,4,2,Demo Demolishers,1,WR,10,8
0,4,2,Demo Demolishers,1,WR,10,15
0,4,2,Demo Demolishers,1,RB,14,29
0,4,2,Demo Demolishers,1,RB,6,16
0,4,2,Demo Demolishers,1,TE,6,4
0,4,2,Demo Demolishers,1,K,10,15
0,4,2,Demo Demolishers,1,DEF,9,25
0,4,2,Demo Demolishers,0,QB,26,6
0,4,2,Demo Demolishers,0,RB,0,0
0,4,2,Demo Demolishers,0,WR,0,0
0,4,2,Demo Demolishers,0,WR,7,3
0,4,2,Demo Demolishers,0,DEF,9,4
0,4,2,SteaGles,1,QB,18,11
0,4,2,SteaGles,1,WR,10,9
0,4,2,SteaGles,1,WR,17,9
0,4,2,SteaGles,1,WR,9,12
0,4,2,SteaGles,1,RB,12,2
0,4,2,SteaGles,1,RB,12,10
0,4,2,SteaGles,1,TE,11,19
0,4,2,SteaGles,1,K,9,10
0,4,2,SteaGles,1,DEF,9,8
0,4,2,SteaGles,0,WR,7,10
0,4,2,SteaGles,0,WR,8,19
0,4,2,SteaGles,0,RB,6,7
0,4,2,SteaGles,0,RB,7,3
0,4,2,SteaGles,0,WR,7,4
0,4,2,SteaGles,0,QB,21,13
0,4,3,Die Ubermanner,1,QB,16,23
0,4,3,Die Ubermanner,1,WR,11,3
0,4,3,Die Ubermanner,1,WR,12,12
0,4,3,Die Ubermanner,1,WR,9,2
0,4,3,Die Ubermanner,1,RB,13,19
0,4,3,Die Ubermanner,1,RB,9,26
0,4,3,Die Ubermanner,1,TE,6,6
0,4,3,Die Ubermanner,1,K,7,5
0,4,3,Die Ubermanner,1,DEF,8,16
0,4,3,Die Ubermanner,0,RB,11,3
0,4,3,Die Ubermanner,0,RB,10,6
0,4,3,Die Ubermanner,0,RB,8,0
0,4,3,Die Ubermanner,0,TE,0,0
0,4,3,Die Ubermanner,0,WR,7,3
0,4,3,Die Ubermanner,0,QB,0,0
0,4,3,Justin's Team,1,QB,13,42
0,4,3,Justin's Team,1,WR,9,5
0,4,3,Justin's Team,1,WR,9,0
0,4,3,Justin's Team,1,WR,8,4
0,4,3,Justin's Team,1,RB,13,13
0,4,3,Justin's Team,1,RB,6,17
0,4,3,Justin's Team,1,TE,9,6
0,4,3,Justin's Team,1,K,8,9
0,4,3,Justin's Team,1,DEF,8,1
0,4,3,Justin's Team,0,QB,20,10
0,4,3,Justin's Team,0,RB,0,0
0,4,3,Justin's Team,0,WR,4,1
0,4,3,Justin's Team,0,RB,0,2
0,4,3,Justin's Team,0,WR,6,10
0,4,3,Justin's Team,0,TE,2,8
0,4,4,Ken'nNat,1,QB,24,30
0,4,4,Ken'nNat,1,WR,12,19
0,4,4,Ken'nNat,1,WR,12,3
0,4,4,Ken'nNat,1,WR,9,9
0,4,4,Ken'nNat,1,RB,9,1
0,4,4,Ken'nNat,1,RB,11,4
0,4,4,Ken'nNat,1,TE,6,4
0,4,4,Ken'nNat,1,K,10,5
0,4,4,Ken'nNat,1,DEF,14,23
0,4,4,Ken'nNat,0,TE,7,2
0,4,4,Ken'nNat,0,RB,7,13
0,4,4,Ken'nNat,0,TE,6,5
0,4,4,Ken'nNat,0,QB,18,30
0,4,4,Ken'nNat,0,WR,0,0
0,4,4,Ken'nNat,0,RB,0,0
0,4,4,Koersteel,1,QB,17,11
0,4,4,Koersteel,1,WR,7,4
0,4,4,Koersteel,1,WR,9,1
0,4,4,Koersteel,1,WR,10,2
0,4,4,Koersteel,1,RB,12,12
0,4,4,Koersteel,1,RB,11,7
0,4,4,Koersteel,1,TE,10,8
0,4,4,Koersteel,1,K,10,6
0,4,4,Koersteel,1,DEF,3,0
0,4,4,Koersteel,0,WR,16,12
0,4,4,Koersteel,0,RB,0,5
0,4,4,Koersteel,0,RB,0,0
0,4,4,Koersteel,0,WR,6,1
0,4,4,Koersteel,0,QB,0,0
0,4,4,Koersteel,0,TE,3,12
0,4,5,Rochambeau,1,QB,27,31
0,4,5,Rochambeau,1,WR,17,3
0,4,5,Rochambeau,1,WR,6,2
0,4,5,Rochambeau,1,WR,11,1
0,4,5,Rochambeau,1,RB,13,9
0,4,5,Rochambeau,1,RB,12,3
0,4,5,Rochambeau,1,TE,8,3
0,4,5,Rochambeau,1,K,6,4
0,4,5,Rochambeau,1,DEF,11,11
0,4,5,Rochambeau,0,TE,4,2
0,4,5,Rochambeau,0,WR,7,4
0,4,5,Rochambeau,0,QB,23,24
0,4,5,Rochambeau,0,RB,6,3
0,4,5,Rochambeau,0,WR,5,12
0,4,5,Rochambeau,0,K,0,0
0,4,5,TheBusters,1,QB,21,19
0,4,5,TheBusters,1,WR,12,14
0,4,5,TheBusters,1,WR,7,12
0,4,5,TheBusters,1,WR,9,2
0,4,5,TheBusters,1,RB,13,10
0,4,5,TheBusters,1,RB,9,8
0,4,5,TheBusters,1,TE,7,0
0,4,5,TheBusters,1,K,9,5
0,4,5,TheBusters,1,DEF,4,5
0,4,5,TheBusters,0,QB,17,39
0,4,5,TheBusters,0,RB,9,2
0,4,5,TheBusters,0,TE,5,7
0,4,5,TheBusters,0,WR,8,4
0,4,5,TheBusters,0,RB,6,11
0,4,5,TheBusters,0,WR,6,1
0,4,6,Dem Gulls,1,QB,29,26
0,4,6,Dem Gulls,1,WR,10,6
0,4,6,Dem Gulls,1,WR,7,1
0,4,6,Dem Gulls,1,WR,8,3
0,4,6,Dem Gulls,1,RB,16,14
0,4,6,Dem Gulls,1,RB,11,-1
0,4,6,Dem Gulls,1,TE,7,5
0,4,6,Dem Gulls,1,K,8,9
0,4,6,Dem Gulls,1,DEF,11,18
0,4,6,Dem Gulls,0,RB,11,2
0,4,6,Dem Gulls,0,WR,6,5
0,4,6,Dem Gulls,0,WR,7,0
0,4,6,Dem Gulls,0,QB,21,16
0,4,6,Dem Gulls,0,RB,5,0
0,4,6,Dem Gulls,0,TE,6,13
0,4,6,Flashed Past,1,QB,19,12
0,4,6,Flashed Past,1,WR,10,8
0,4,6,Flashed Past,1,WR,9,9
0,4,6,Flashed Past,1,WR,9,18
0,4,6,Flashed Past,1,RB,12,4
0,4,6,Flashed Past,1,RB,15,25
0,4,6,Flashed Past,1,TE,8,3
0,4,6,Flashed Past,1,K,8,27
0,4,6,Flashed Past,1,DEF,13,8
0,4,6,Flashed Past,0,QB,16,36
0,4,6,Flashed Past,0,RB,0,0
0,4,6,Flashed Past,0,RB,4,2
0,4,6,Flashed Past,0,WR,7,7
0,4,6,Flashed Past,0,TE,5,14
0,4,6,Flashed Past,0,WR,7,1
0,5,1,Dem Gulls,1,QB,29,14
0,5,1,Dem Gulls,1,WR,8,0
0,5,1,Dem Gulls,1,WR,6,9
0,5,1,Dem Gulls,1,WR,8,19
0,5,1,Dem Gulls,1,RB,15,12
0,5,1,Dem Gulls,1,RB,11,29
0,5,1,Dem Gulls,1,TE,8,2
0,5,1,Dem Gulls,1,K,8,2
0,5,1,Dem Gulls,1,DEF,12,7
0,5,1,Dem Gulls,0,RB,NA,NA
0,5,1,Dem Gulls,0,WR,6,15
0,5,1,Dem Gulls,0,WR,NA,NA
0,5,1,Dem Gulls,0,QB,21,36
0,5,1,Dem Gulls,0,TE,6,3
0,5,1,Dem Gulls,0,WR,7,3
0,5,1,Soccer Team,1,QB,21,36
0,5,1,Soccer Team,1,WR,7,9
0,5,1,Soccer Team,1,WR,8,2
0,5,1,Soccer Team,1,WR,7,11
0,5,1,Soccer Team,1,RB,10,8
0,5,1,Soccer Team,1,RB,8,7
0,5,1,Soccer Team,1,TE,0,0
0,5,1,Soccer Team,1,K,8,10
0,5,1,Soccer Team,1,DEF,11,12
0,5,1,Soccer Team,0,RB,8,2
0,5,1,Soccer Team,0,WR,7,0
0,5,1,Soccer Team,0,WR,7,14
0,5,1,Soccer Team,0,RB,8,5
0,5,1,Soccer Team,0,TE,NA,NA
0,5,1,Soccer Team,0,DEF,8,34
0,5,2,Justin's Team,1,QB,19,47
0,5,2,Justin's Team,1,WR,9,3
0,5,2,Justin's Team,1,WR,9,0
0,5,2,Justin's Team,1,WR,6,5
0,5,2,Justin's Team,1,RB,9,7
0,5,2,Justin's Team,1,RB,NA,NA
0,5,2,Justin's Team,1,TE,8,9
0,5,2,Justin's Team,1,K,8,9
0,5,2,Justin's Team,1,DEF,8,7
0,5,2,Justin's Team,0,WR,6,1
0,5,2,Justin's Team,0,QB,16,18
0,5,2,Justin's Team,0,RB,8,13
0,5,2,Justin's Team,0,WR,5,0
0,5,2,Justin's Team,0,TE,NA,NA
0,5,2,Justin's Team,0,RB,NA,NA
0,5,2,SteaGles,1,QB,21,-1
0,5,2,SteaGles,1,WR,12,11
0,5,2,SteaGles,1,WR,17,15
0,5,2,SteaGles,1,WR,9,13
0,5,2,SteaGles,1,RB,8,4
0,5,2,SteaGles,1,RB,5,3
0,5,2,SteaGles,1,TE,10,9
0,5,2,SteaGles,1,K,8,13
0,5,2,SteaGles,1,DEF,13,9
0,5,2,SteaGles,0,RB,1,0
0,5,2,SteaGles,0,RB,NA,NA
0,5,2,SteaGles,0,WR,7,9
0,5,2,SteaGles,0,WR,7,2
0,5,2,SteaGles,0,WR,6,2
0,5,2,SteaGles,0,RB,NA,NA
0,5,3,Demo Demolishers,1,QB,21,15
0,5,3,Demo Demolishers,1,WR,10,3
0,5,3,Demo Demolishers,1,WR,10,6
0,5,3,Demo Demolishers,1,WR,7,18
0,5,3,Demo Demolishers,1,RB,14,1
0,5,3,Demo Demolishers,1,RB,9,3
0,5,3,Demo Demolishers,1,TE,5,2
0,5,3,Demo Demolishers,1,K,10,15
0,5,3,Demo Demolishers,1,DEF,8,-4
0,5,3,Demo Demolishers,0,WR,NA,NA
0,5,3,Demo Demolishers,0,QB,NA,NA
0,5,3,Demo Demolishers,0,RB,0,0
0,5,3,Demo Demolishers,0,WR,NA,NA
0,5,3,Demo Demolishers,0,WR,4,6
0,5,3,Demo Demolishers,0,DEF,10,14
0,5,3,TheBusters,1,QB,19,34
0,5,3,TheBusters,1,WR,9,11
0,5,3,TheBusters,1,WR,8,4
0,5,3,TheBusters,1,WR,8,3
0,5,3,TheBusters,1,RB,11,8
0,5,3,TheBusters,1,RB,11,1
0,5,3,TheBusters,1,TE,6,10
0,5,3,TheBusters,1,K,9,1
0,5,3,TheBusters,1,DEF,8,11
0,5,3,TheBusters,0,TE,7,3
0,5,3,TheBusters,0,WR,NA,NA
0,5,3,TheBusters,0,QB,14,19
0,5,3,TheBusters,0,RB,6,6
0,5,3,TheBusters,0,RB,9,14
0,5,3,TheBusters,0,WR,6,4
0,5,4,Die Ubermanner,1,QB,17,9
0,5,4,Die Ubermanner,1,WR,11,15
0,5,4,Die Ubermanner,1,WR,13,4
0,5,4,Die Ubermanner,1,WR,7,4
0,5,4,Die Ubermanner,1,RB,12,32
0,5,4,Die Ubermanner,1,RB,10,2
0,5,4,Die Ubermanner,1,TE,6,0
0,5,4,Die Ubermanner,1,K,8,1
0,5,4,Die Ubermanner,1,DEF,11,3
0,5,4,Die Ubermanner,0,RB,9,3
0,5,4,Die Ubermanner,0,QB,NA,NA
0,5,4,Die Ubermanner,0,RB,6,0
0,5,4,Die Ubermanner,0,TE,0,0
0,5,4,Die Ubermanner,0,WR,NA,NA
0,5,4,Die Ubermanner,0,QB,0,0
0,5,4,Koersteel,1,QB,10,-1
0,5,4,Koersteel,1,WR,9,3
0,5,4,Koersteel,1,WR,6,0
0,5,4,Koersteel,1,WR,12,23
0,5,4,Koersteel,1,RB,10,7
0,5,4,Koersteel,1,RB,8,9
0,5,4,Koersteel,1,TE,9,12
0,5,4,Koersteel,1,K,10,8
0,5,4,Koersteel,1,DEF,8,9
0,5,4,Koersteel,0,WR,NA,NA
0,5,4,Koersteel,0,QB,0,0
0,5,4,Koersteel,0,RB,7,1
0,5,4,Koersteel,0,RB,2,3
0,5,4,Koersteel,0,WR,6,14
0,5,4,Koersteel,0,TE,4,0
0,5,5,Ken'nNat,1,QB,19,11
0,5,5,Ken'nNat,1,WR,10,8
0,5,5,Ken'nNat,1,WR,10,8
0,5,5,Ken'nNat,1,WR,10,0
0,5,5,Ken'nNat,1,RB,8,11
0,5,5,Ken'nNat,1,RB,10,5
0,5,5,Ken'nNat,1,TE,5,-1
0,5,5,Ken'nNat,1,K,7,10
0,5,5,Ken'nNat,1,DEF,9,22
0,5,5,Ken'nNat,0,TE,NA,NA
0,5,5,Ken'nNat,0,RB,NA,NA
0,5,5,Ken'nNat,0,TE,NA,NA
0,5,5,Ken'nNat,0,QB,16,33
0,5,5,Ken'nNat,0,RB,0,0
0,5,5,Ken'nNat,0,K,NA,NA
0,5,5,Tungahoo,1,QB,22,22
0,5,5,Tungahoo,1,WR,6,18
0,5,5,Tungahoo,1,WR,9,12
0,5,5,Tungahoo,1,WR,7,11
0,5,5,Tungahoo,1,RB,15,8
0,5,5,Tungahoo,1,RB,7,20
0,5,5,Tungahoo,1,TE,5,0
0,5,5,Tungahoo,1,K,8,6
0,5,5,Tungahoo,1,DEF,8,3
0,5,5,Tungahoo,0,RB,4,3
0,5,5,Tungahoo,0,RB,0,_
0,5,5,Tungahoo,0,QB,0,_
0,5,5,Tungahoo,0,WR,0,_
0,5,5,Tungahoo,0,WR,0,0
0,5,5,Tungahoo,0,WR,5,0
0,5,6,Flashed Past,1,QB,18,6
0,5,6,Flashed Past,1,WR,9,2
0,5,6,Flashed Past,1,WR,13,23
0,5,6,Flashed Past,1,WR,7,5
0,5,6,Flashed Past,1,RB,10,4
0,5,6,Flashed Past,1,RB,15,14
0,5,6,Flashed Past,1,TE,7,5
0,5,6,Flashed Past,1,K,9,3
0,5,6,Flashed Past,1,DEF,11,13
0,5,6,Flashed Past,0,QB,15,15
0,5,6,Flashed Past,0,WR,6,1
0,5,6,Flashed Past,0,RB,0,0
0,5,6,Flashed Past,0,RB,4,1
0,5,6,Flashed Past,0,WR,0,0
0,5,6,Flashed Past,0,TE,6,12
0,5,6,Rochambeau,1,QB,27,29
0,5,6,Rochambeau,1,WR,17,17
0,5,6,Rochambeau,1,WR,5,5
0,5,6,Rochambeau,1,WR,5,4
0,5,6,Rochambeau,1,RB,10,11
0,5,6,Rochambeau,1,RB,7,4
0,5,6,Rochambeau,1,TE,6,10
0,5,6,Rochambeau,1,K,NA,NA
0,5,6,Rochambeau,1,DEF,9,12
0,5,6,Rochambeau,0,WR,NA,NA
0,5,6,Rochambeau,0,RB,0,0
0,5,6,Rochambeau,0,WR,6,4
0,5,6,Rochambeau,0,TE,0,0
0,5,6,Rochambeau,0,QB,20,27
0,5,6,Rochambeau,0,K,0,0
0,6,1,Soccer Team,1,QB,11,15
0,6,1,Soccer Team,1,WR,7,3
0,6,1,Soccer Team,1,WR,8,5
0,6,1,Soccer Team,1,WR,10,11
0,6,1,Soccer Team,1,RB,11,8
0,6,1,Soccer Team,1,RB,9,5
0,6,1,Soccer Team,1,TE,12,20
0,6,1,Soccer Team,1,K,9,7
0,6,1,Soccer Team,1,DEF,10,6
0,6,1,Soccer Team,0,QB,NA,NA
0,6,1,Soccer Team,0,WR,0,0
0,6,1,Soccer Team,0,RB,8,11
0,6,1,Soccer Team,0,WR,7,2
0,6,1,Soccer Team,0,RB,NA,NA
0,6,1,Soccer Team,0,DEF,8,6
0,6,1,SteaGles,1,QB,18,15
0,6,1,SteaGles,1,WR,9,1
0,6,1,SteaGles,1,WR,7,4
0,6,1,SteaGles,1,WR,5,2
0,6,1,SteaGles,1,RB,11,1
0,6,1,SteaGles,1,RB,8,8
0,6,1,SteaGles,1,TE,10,3
0,6,1,SteaGles,1,K,7,8
0,6,1,SteaGles,1,DEF,8,18
0,6,1,SteaGles,0,QB,15,17
0,6,1,SteaGles,0,WR,NA,NA
0,6,1,SteaGles,0,RB,7,2
0,6,1,SteaGles,0,WR,8,-1
0,6,1,SteaGles,0,WR,7,3
0,6,1,SteaGles,0,RB,7,1
0,6,2,Dem Gulls,1,QB,28,21
0,6,2,Dem Gulls,1,WR,7,7
0,6,2,Dem Gulls,1,WR,5,11
0,6,2,Dem Gulls,1,WR,10,1
0,6,2,Dem Gulls,1,RB,14,10
0,6,2,Dem Gulls,1,RB,14,26
0,6,2,Dem Gulls,1,TE,9,1
0,6,2,Dem Gulls,1,K,9,4
0,6,2,Dem Gulls,1,DEF,7,12
0,6,2,Dem Gulls,0,WR,0,0
0,6,2,Dem Gulls,0,RB,8,15
0,6,2,Dem Gulls,0,WR,7,2
0,6,2,Dem Gulls,0,QB,16,25
0,6,2,Dem Gulls,0,WR,NA,NA
0,6,2,Dem Gulls,0,DEF,3,12
0,6,2,Demo Demolishers,1,QB,23,12
0,6,2,Demo Demolishers,1,WR,9,7
0,6,2,Demo Demolishers,1,WR,11,4
0,6,2,Demo Demolishers,1,WR,12,7
0,6,2,Demo Demolishers,1,RB,13,13
0,6,2,Demo Demolishers,1,RB,8,5
0,6,2,Demo Demolishers,1,TE,6,4
0,6,2,Demo Demolishers,1,K,10,6
0,6,2,Demo Demolishers,1,DEF,11,28
0,6,2,Demo Demolishers,0,WR,7,13
0,6,2,Demo Demolishers,0,QB,12,11
0,6,2,Demo Demolishers,0,RB,0,0
0,6,2,Demo Demolishers,0,WR,6,1
0,6,2,Demo Demolishers,0,WR,6,1
0,6,2,Demo Demolishers,0,DEF,13,10
0,6,3,Die Ubermanner,1,QB,21,32
0,6,3,Die Ubermanner,1,WR,12,4
0,6,3,Die Ubermanner,1,WR,10,15
0,6,3,Die Ubermanner,1,WR,9,9
0,6,3,Die Ubermanner,1,RB,13,21
0,6,3,Die Ubermanner,1,RB,9,18
0,6,3,Die Ubermanner,1,TE,6,14
0,6,3,Die Ubermanner,1,K,10,11
0,6,3,Die Ubermanner,1,DEF,10,15
0,6,3,Die Ubermanner,0,RB,11,14
0,6,3,Die Ubermanner,0,RB,0,0
0,6,3,Die Ubermanner,0,RB,6,22
0,6,3,Die Ubermanner,0,TE,0,0
0,6,3,Die Ubermanner,0,WR,7,13
0,6,3,Die Ubermanner,0,QB,0,0
0,6,3,Flashed Past,1,QB,19,17
0,6,3,Flashed Past,1,WR,13,7
0,6,3,Flashed Past,1,WR,9,18
0,6,3,Flashed Past,1,WR,7,10
0,6,3,Flashed Past,1,RB,8,15
0,6,3,Flashed Past,1,RB,9,0
0,6,3,Flashed Past,1,TE,6,2
0,6,3,Flashed Past,1,K,9,11
0,6,3,Flashed Past,1,DEF,11,5
0,6,3,Flashed Past,0,TE,6,13
0,6,3,Flashed Past,0,RB,NA,NA
0,6,3,Flashed Past,0,WR,NA,NA
0,6,3,Flashed Past,0,QB,NA,NA
0,6,3,Flashed Past,0,RB,NA,NA
0,6,3,Flashed Past,0,WR,NA,NA
0,6,4,Justin's Team,1,QB,24,28
0,6,4,Justin's Team,1,WR,8,2
0,6,4,Justin's Team,1,WR,6,3
0,6,4,Justin's Team,1,WR,6,3
0,6,4,Justin's Team,1,RB,13,7
0,6,4,Justin's Team,1,RB,9,14
0,6,4,Justin's Team,1,TE,3,3
0,6,4,Justin's Team,1,K,8,5
0,6,4,Justin's Team,1,DEF,6,27
0,6,4,Justin's Team,0,RB,9,8
0,6,4,Justin's Team,0,TE,NA,NA
0,6,4,Justin's Team,0,WR,NA,NA
0,6,4,Justin's Team,0,QB,21,17
0,6,4,Justin's Team,0,WR,NA,NA
0,6,4,Justin's Team,0,RB,5,1
0,6,4,Rochambeau,1,QB,27,0
0,6,4,Rochambeau,1,WR,13,23
0,6,4,Rochambeau,1,WR,7,15
0,6,4,Rochambeau,1,WR,5,3
0,6,4,Rochambeau,1,RB,6,0
0,6,4,Rochambeau,1,RB,4,0
0,6,4,Rochambeau,1,TE,8,4
0,6,4,Rochambeau,1,K,0,0
0,6,4,Rochambeau,1,DEF,17,8
0,6,4,Rochambeau,0,RB,NA,NA
0,6,4,Rochambeau,0,WR,9,12
0,6,4,Rochambeau,0,WR,0,0
0,6,4,Rochambeau,0,TE,4,8
0,6,4,Rochambeau,0,QB,22,18
0,6,4,Rochambeau,0,RB,4,5
0,6,5,Ken'nNat,1,QB,19,16
0,6,5,Ken'nNat,1,WR,11,6
0,6,5,Ken'nNat,1,WR,11,9
0,6,5,Ken'nNat,1,WR,7,12
0,6,5,Ken'nNat,1,RB,9,6
0,6,5,Ken'nNat,1,RB,9,1
0,6,5,Ken'nNat,1,TE,6,1
0,6,5,Ken'nNat,1,K,10,7
0,6,5,Ken'nNat,1,DEF,6,6
0,6,5,Ken'nNat,0,WR,0,0
0,6,5,Ken'nNat,0,QB,NA,NA
0,6,5,Ken'nNat,0,TE,6,3
0,6,5,Ken'nNat,0,RB,0,0
0,6,5,Ken'nNat,0,RB,7,27
0,6,5,Ken'nNat,0,DEF,NA,NA
0,6,5,TheBusters,1,QB,20,19
0,6,5,TheBusters,1,WR,9,9
0,6,5,TheBusters,1,WR,9,15
0,6,5,TheBusters,1,WR,9,6
0,6,5,TheBusters,1,RB,8,18
0,6,5,TheBusters,1,RB,9,4
0,6,5,TheBusters,1,TE,7,9
0,6,5,TheBusters,1,K,8,4
0,6,5,TheBusters,1,DEF,7,19
0,6,5,TheBusters,0,RB,NA,NA
0,6,5,TheBusters,0,TE,NA,NA
0,6,5,TheBusters,0,WR,12,1
0,6,5,TheBusters,0,QB,22,28
0,6,5,TheBusters,0,RB,7,6
0,6,5,TheBusters,0,WR,7,9
0,6,6,Koersteel,1,QB,15,10
0,6,6,Koersteel,1,WR,7,2
0,6,6,Koersteel,1,WR,7,1
0,6,6,Koersteel,1,WR,8,7
0,6,6,Koersteel,1,RB,10,18
0,6,6,Koersteel,1,RB,9,12
0,6,6,Koersteel,1,TE,9,13
0,6,6,Koersteel,1,K,10,3
0,6,6,Koersteel,1,DEF,8,3
0,6,6,Koersteel,0,WR,NA,NA
0,6,6,Koersteel,0,QB,20,6
0,6,6,Koersteel,0,RB,NA,NA
0,6,6,Koersteel,0,WR,NA,NA
0,6,6,Koersteel,0,TE,3,1
0,6,6,Koersteel,0,K,NA,NA
0,6,6,Tungahoo,1,QB,27,13
0,6,6,Tungahoo,1,WR,9,11
0,6,6,Tungahoo,1,WR,7,9
0,6,6,Tungahoo,1,WR,8,12
0,6,6,Tungahoo,1,RB,15,26
0,6,6,Tungahoo,1,RB,7,4
0,6,6,Tungahoo,1,TE,3,0
0,6,6,Tungahoo,1,K,9,9
0,6,6,Tungahoo,1,DEF,12,6
0,6,6,Tungahoo,0,QB,15,2
0,6,6,Tungahoo,0,RB,5,3
0,6,6,Tungahoo,0,RB,9,25
0,6,6,Tungahoo,0,WR,7,2
0,6,6,Tungahoo,0,WR,0,0
0,6,6,Tungahoo,0,DEF,7,6
0,7,1,Soccer Team,1,QB,25,35
0,7,1,Soccer Team,1,WR,9,8
0,7,1,Soccer Team,1,WR,8,4
0,7,1,Soccer Team,1,WR,8,4
0,7,1,Soccer Team,1,RB,7,4
0,7,1,Soccer Team,1,RB,6,1
0,7,1,Soccer Team,1,TE,12,5
0,7,1,Soccer Team,1,K,9,14
0,7,1,Soccer Team,1,DEF,10,22
0,7,1,Soccer Team,0,WR,6,1
0,7,1,Soccer Team,0,RB,NA,NA
0,7,1,Soccer Team,0,RB,8,4
0,7,1,Soccer Team,0,WR,0,0
0,7,1,Soccer Team,0,RB,3,1
0,7,1,Soccer Team,0,DEF,8,7
0,7,1,TheBusters,1,QB,20,4
0,7,1,TheBusters,1,WR,8,6
0,7,1,TheBusters,1,WR,7,4
0,7,1,TheBusters,1,WR,10,8
0,7,1,TheBusters,1,RB,11,8
0,7,1,TheBusters,1,RB,8,6
0,7,1,TheBusters,1,TE,8,7
0,7,1,TheBusters,1,K,8,6
0,7,1,TheBusters,1,DEF,8,21
0,7,1,TheBusters,0,WR,NA,NA
0,7,1,TheBusters,0,RB,14,21
0,7,1,TheBusters,0,TE,6,11
0,7,1,TheBusters,0,QB,20,1
0,7,1,TheBusters,0,RB,8,6
0,7,1,TheBusters,0,WR,6,7
0,7,2,SteaGles,1,QB,17,20
0,7,2,SteaGles,1,WR,9,7
0,7,2,SteaGles,1,WR,7,1
0,7,2,SteaGles,1,WR,10,12
0,7,2,SteaGles,1,RB,8,5
0,7,2,SteaGles,1,RB,8,10
0,7,2,SteaGles,1,TE,10,9
0,7,2,SteaGles,1,K,7,5
0,7,2,SteaGles,1,DEF,13,7
0,7,2,SteaGles,0,WR,5,2
0,7,2,SteaGles,0,QB,16,3
0,7,2,SteaGles,0,RB,7,0
0,7,2,SteaGles,0,WR,5,1
0,7,2,SteaGles,0,WR,5,12
0,7,2,SteaGles,0,RB,7,6
0,7,2,Flashed Past,1,QB,18,8
0,7,2,Flashed Past,1,WR,10,2
0,7,2,Flashed Past,1,WR,8,6
0,7,2,Flashed Past,1,WR,7,5
0,7,2,Flashed Past,1,RB,10,7
0,7,2,Flashed Past,1,RB,16,41
0,7,2,Flashed Past,1,TE,7,6
0,7,2,Flashed Past,1,K,8,3
0,7,2,Flashed Past,1,DEF,8,26
0,7,2,Flashed Past,0,TE,5,1
0,7,2,Flashed Past,0,RB,0,0
0,7,2,Flashed Past,0,WR,NA,NA
0,7,2,Flashed Past,0,QB,16,11
0,7,2,Flashed Past,0,RB,0,0
0,7,2,Flashed Past,0,WR,5,1
0,7,3,Demo Demolishers,1,QB,24,18
0,7,3,Demo Demolishers,1,WR,8,3
0,7,3,Demo Demolishers,1,WR,8,4
0,7,3,Demo Demolishers,1,WR,12,15
0,7,3,Demo Demolishers,1,RB,14,22
0,7,3,Demo Demolishers,1,RB,8,9
0,7,3,Demo Demolishers,1,TE,6,0
0,7,3,Demo Demolishers,1,K,10,11
0,7,3,Demo Demolishers,1,DEF,8,19
0,7,3,Demo Demolishers,0,RB,NA,NA
0,7,3,Demo Demolishers,0,WR,NA,NA
0,7,3,Demo Demolishers,0,QB,11,8
0,7,3,Demo Demolishers,0,WR,0,0
0,7,3,Demo Demolishers,0,WR,4,3
0,7,3,Demo Demolishers,0,DEF,NA,NA
0,7,3,Rochambeau,1,QB,15,19
0,7,3,Rochambeau,1,WR,16,12
0,7,3,Rochambeau,1,WR,5,11
0,7,3,Rochambeau,1,WR,10,0
0,7,3,Rochambeau,1,RB,8,3
0,7,3,Rochambeau,1,RB,9,6
0,7,3,Rochambeau,1,TE,8,4
0,7,3,Rochambeau,1,K,0,0
0,7,3,Rochambeau,1,DEF,11,3
0,7,3,Rochambeau,0,RB,4,0
0,7,3,Rochambeau,0,RB,6,4
0,7,3,Rochambeau,0,WR,NA,NA
0,7,3,Rochambeau,0,QB,0,0
0,7,3,Rochambeau,0,WR,0,0
0,7,3,Rochambeau,0,TE,5,4
0,7,4,Die Ubermanner,1,QB,20,30
0,7,4,Die Ubermanner,1,WR,13,20
0,7,4,Die Ubermanner,1,WR,11,14
0,7,4,Die Ubermanner,1,WR,11,4
0,7,4,Die Ubermanner,1,RB,9,5
0,7,4,Die Ubermanner,1,RB,8,2
0,7,4,Die Ubermanner,1,TE,6,12
0,7,4,Die Ubermanner,1,K,8,7
0,7,4,Die Ubermanner,1,DEF,11,6
0,7,4,Die Ubermanner,0,RB,7,6
0,7,4,Die Ubermanner,0,RB,0,0
0,7,4,Die Ubermanner,0,RB,8,8
0,7,4,Die Ubermanner,0,TE,0,0
0,7,4,Die Ubermanner,0,WR,6,16
0,7,4,Die Ubermanner,0,QB,0,0
0,7,4,Ken'nNat,1,QB,17,34
0,7,4,Ken'nNat,1,WR,7,1
0,7,4,Ken'nNat,1,WR,11,12
0,7,4,Ken'nNat,1,WR,7,0
0,7,4,Ken'nNat,1,RB,7,3
0,7,4,Ken'nNat,1,RB,9,3
0,7,4,Ken'nNat,1,TE,8,18
0,7,4,Ken'nNat,1,K,10,-1
0,7,4,Ken'nNat,1,DEF,13,9
0,7,4,Ken'nNat,0,WR,0,0
0,7,4,Ken'nNat,0,TE,5,12
0,7,4,Ken'nNat,0,RB,8,0
0,7,4,Ken'nNat,0,QB,18,33
0,7,4,Ken'nNat,0,RB,0,0
0,7,4,Ken'nNat,0,TE,5,2
0,7,5,Justin's Team,1,QB,NA,NA
0,7,5,Justin's Team,1,WR,7,35
0,7,5,Justin's Team,1,WR,9,15
0,7,5,Justin's Team,1,WR,6,9
0,7,5,Justin's Team,1,RB,13,8
0,7,5,Justin's Team,1,RB,9,7
0,7,5,Justin's Team,1,TE,9,11
0,7,5,Justin's Team,1,K,8,19
0,7,5,Justin's Team,1,DEF,7,4
0,7,5,Justin's Team,0,TE,3,6
0,7,5,Justin's Team,0,WR,5,0
0,7,5,Justin's Team,0,QB,NA,NA
0,7,5,Justin's Team,0,RB,8,2
0,7,5,Justin's Team,0,RB,5,2
0,7,5,Justin's Team,0,WR,7,0
0,7,5,Koersteel,1,QB,14,19
0,7,5,Koersteel,1,WR,6,0
0,7,5,Koersteel,1,WR,6,4
0,7,5,Koersteel,1,WR,13,4
0,7,5,Koersteel,1,RB,12,6
0,7,5,Koersteel,1,RB,9,4
0,7,5,Koersteel,1,TE,9,14
0,7,5,Koersteel,1,K,6,7
0,7,5,Koersteel,1,DEF,11,14
0,7,5,Koersteel,0,WR,0,0
0,7,5,Koersteel,0,QB,16,37
0,7,5,Koersteel,0,RB,4,3
0,7,5,Koersteel,0,WR,6,2
0,7,5,Koersteel,0,TE,2,21
0,7,5,Koersteel,0,K,9,2
0,7,6,Tungahoo,1,QB,24,21
0,7,6,Tungahoo,1,WR,7,1
0,7,6,Tungahoo,1,WR,7,7
0,7,6,Tungahoo,1,WR,7,15
0,7,6,Tungahoo,1,RB,16,20
0,7,6,Tungahoo,1,RB,9,18
0,7,6,Tungahoo,1,TE,8,8
0,7,6,Tungahoo,1,K,9,15
0,7,6,Tungahoo,1,DEF,8,6
0,7,6,Tungahoo,0,RB,8,21
0,7,6,Tungahoo,0,QB,14,29
0,7,6,Tungahoo,0,RB,4,7
0,7,6,Tungahoo,0,WR,6,1
0,7,6,Tungahoo,0,WR,5,0
0,7,6,Tungahoo,0,DEF,7,0
0,7,6,Dem Gulls,1,QB,26,21
0,7,6,Dem Gulls,1,WR,6,8
0,7,6,Dem Gulls,1,WR,7,10
0,7,6,Dem Gulls,1,WR,8,2
0,7,6,Dem Gulls,1,RB,14,11
0,7,6,Dem Gulls,1,RB,12,3
0,7,6,Dem Gulls,1,TE,9,3
0,7,6,Dem Gulls,1,K,9,14
0,7,6,Dem Gulls,1,DEF,11,12
0,7,6,Dem Gulls,0,WR,0,0
0,7,6,Dem Gulls,0,RB,8,11
0,7,6,Dem Gulls,0,WR,6,2
0,7,6,Dem Gulls,0,QB,23,39
0,7,6,Dem Gulls,0,WR,6,12
0,7,6,Dem Gulls,0,DEF,NA,NA
0,8,1,Soccer Team,1,QB,21,6
0,8,1,Soccer Team,1,WR,9,8
0,8,1,Soccer Team,1,WR,8,1
0,8,1,Soccer Team,1,WR,8,1
0,8,1,Soccer Team,1,RB,7,5
0,8,1,Soccer Team,1,RB,8,18
0,8,1,Soccer Team,1,TE,12,11
0,8,1,Soccer Team,1,K,10,6
0,8,1,Soccer Team,1,DEF,13,24
0,8,1,Soccer Team,0,RB,9,8
0,8,1,Soccer Team,0,WR,7,6
0,8,1,Soccer Team,0,WR,NA,NA
0,8,1,Soccer Team,0,TE,4,1
0,8,1,Soccer Team,0,K,10,13
0,8,1,Soccer Team,0,DEF,NA,NA
0,8,1,Ken'nNat,1,QB,19,44
0,8,1,Ken'nNat,1,WR,11,2
0,8,1,Ken'nNat,1,WR,9,2
0,8,1,Ken'nNat,1,WR,6,13
0,8,1,Ken'nNat,1,RB,4,3
0,8,1,Ken'nNat,1,RB,5,7
0,8,1,Ken'nNat,1,TE,6,5
0,8,1,Ken'nNat,1,K,9,14
0,8,1,Ken'nNat,1,DEF,12,15
0,8,1,Ken'nNat,0,RB,NA,NA
0,8,1,Ken'nNat,0,WR,NA,NA
0,8,1,Ken'nNat,0,WR,NA,NA
0,8,1,Ken'nNat,0,RB,0,0
0,8,1,Ken'nNat,0,QB,18,14
0,8,1,Ken'nNat,0,RB,NA,NA
0,8,2,SteaGles,1,QB,20,17
0,8,2,SteaGles,1,WR,9,6
0,8,2,SteaGles,1,WR,8,2
0,8,2,SteaGles,1,WR,10,3
0,8,2,SteaGles,1,RB,8,7
0,8,2,SteaGles,1,RB,7,12
0,8,2,SteaGles,1,TE,10,21
0,8,2,SteaGles,1,K,6,4
0,8,2,SteaGles,1,DEF,16,11
0,8,2,SteaGles,0,WR,4,4
0,8,2,SteaGles,0,RB,NA,NA
0,8,2,SteaGles,0,WR,5,2
0,8,2,SteaGles,0,WR,NA,NA
0,8,2,SteaGles,0,RB,4,12
0,8,2,SteaGles,0,QB,16,18
0,8,2,Die Ubermanner,1,QB,20,12
0,8,2,Die Ubermanner,1,WR,11,0
0,8,2,Die Ubermanner,1,WR,11,6
0,8,2,Die Ubermanner,1,WR,8,15
0,8,2,Die Ubermanner,1,RB,9,20
0,8,2,Die Ubermanner,1,RB,5,5
0,8,2,Die Ubermanner,1,TE,8,0
0,8,2,Die Ubermanner,1,K,9,10
0,8,2,Die Ubermanner,1,DEF,11,33
0,8,2,Die Ubermanner,0,RB,NA,NA
0,8,2,Die Ubermanner,0,RB,NA,NA
0,8,2,Die Ubermanner,0,RB,NA,NA
0,8,2,Die Ubermanner,0,TE,0,0
0,8,2,Die Ubermanner,0,WR,7,7
0,8,2,Die Ubermanner,0,RB,5,3
0,8,3,Demo Demolishers,1,QB,21,19
0,8,3,Demo Demolishers,1,WR,8,14
0,8,3,Demo Demolishers,1,WR,9,6
0,8,3,Demo Demolishers,1,WR,11,7
0,8,3,Demo Demolishers,1,RB,7,4
0,8,3,Demo Demolishers,1,RB,8,3
0,8,3,Demo Demolishers,1,TE,8,1
0,8,3,Demo Demolishers,1,K,10,14
0,8,3,Demo Demolishers,1,DEF,7,0
0,8,3,Demo Demolishers,0,RB,NA,NA
0,8,3,Demo Demolishers,0,WR,6,27
0,8,3,Demo Demolishers,0,QB,NA,NA
0,8,3,Demo Demolishers,0,WR,4,0
0,8,3,Demo Demolishers,0,WR,NA,NA
0,8,3,Demo Demolishers,0,DEF,7,24
0,8,3,Justin's Team,1,QB,18,39
0,8,3,Justin's Team,1,WR,9,4
0,8,3,Justin's Team,1,WR,10,5
0,8,3,Justin's Team,1,WR,6,27
0,8,3,Justin's Team,1,RB,12,6
0,8,3,Justin's Team,1,RB,8,7
0,8,3,Justin's Team,1,TE,8,15
0,8,3,Justin's Team,1,K,9,8
0,8,3,Justin's Team,1,DEF,9,8
0,8,3,Justin's Team,0,QB,16,19
0,8,3,Justin's Team,0,WR,0,0
0,8,3,Justin's Team,0,RB,10,10
0,8,3,Justin's Team,0,RB,3,0
0,8,3,Justin's Team,0,WR,NA,NA
0,8,3,Justin's Team,0,TE,0,0
0,8,4,Koersteel,1,QB,20,14
0,8,4,Koersteel,1,WR,14,8
0,8,4,Koersteel,1,WR,5,0
0,8,4,Koersteel,1,WR,6,2
0,8,4,Koersteel,1,RB,12,13
0,8,4,Koersteel,1,RB,9,4
0,8,4,Koersteel,1,TE,10,9
0,8,4,Koersteel,1,K,7,2
0,8,4,Koersteel,1,DEF,7,19
0,8,4,Koersteel,0,WR,0,0
0,8,4,Koersteel,0,WR,NA,NA
0,8,4,Koersteel,0,QB,NA,NA
0,8,4,Koersteel,0,WR,3,0
0,8,4,Koersteel,0,TE,4,1
0,8,4,Koersteel,0,K,0,0
0,8,4,Dem Gulls,1,QB,25,19
0,8,4,Dem Gulls,1,WR,6,1
0,8,4,Dem Gulls,1,WR,9,2
0,8,4,Dem Gulls,1,WR,6,24
0,8,4,Dem Gulls,1,RB,14,6
0,8,4,Dem Gulls,1,RB,12,21
0,8,4,Dem Gulls,1,TE,5,4
0,8,4,Dem Gulls,1,K,10,21
0,8,4,Dem Gulls,1,DEF,9,7
0,8,4,Dem Gulls,0,QB,26,21
0,8,4,Dem Gulls,0,WR,7,1
0,8,4,Dem Gulls,0,TE,NA,NA
0,8,4,Dem Gulls,0,RB,6,7
0,8,4,Dem Gulls,0,WR,7,15
0,8,4,Dem Gulls,0,DEF,8,8
0,8,5,TheBusters,1,QB,20,13
0,8,5,TheBusters,1,WR,10,9
0,8,5,TheBusters,1,WR,10,7
0,8,5,TheBusters,1,WR,7,0
0,8,5,TheBusters,1,RB,8,4
0,8,5,TheBusters,1,RB,15,25
0,8,5,TheBusters,1,TE,5,0
0,8,5,TheBusters,1,K,8,18
0,8,5,TheBusters,1,DEF,8,16
0,8,5,TheBusters,0,WR,NA,NA
0,8,5,TheBusters,0,RB,7,4
0,8,5,TheBusters,0,WR,5,5
0,8,5,TheBusters,0,RB,5,14
0,8,5,TheBusters,0,K,NA,NA
0,8,5,TheBusters,0,DEF,NA,NA
0,8,5,Flashed Past,1,QB,21,22
0,8,5,Flashed Past,1,WR,9,15
0,8,5,Flashed Past,1,WR,9,30
0,8,5,Flashed Past,1,WR,6,6
0,8,5,Flashed Past,1,RB,9,3
0,8,5,Flashed Past,1,RB,15,26
0,8,5,Flashed Past,1,TE,7,6
0,8,5,Flashed Past,1,K,9,5
0,8,5,Flashed Past,1,DEF,12,16
0,8,5,Flashed Past,0,WR,NA,NA
0,8,5,Flashed Past,0,WR,NA,NA
0,8,5,Flashed Past,0,QB,NA,NA
0,8,5,Flashed Past,0,TE,NA,NA
0,8,5,Flashed Past,0,RB,NA,NA
0,8,5,Flashed Past,0,RB,0,0
0,8,6,Tungahoo,1,QB,23,13
0,8,6,Tungahoo,1,WR,7,3
0,8,6,Tungahoo,1,WR,7,3
0,8,6,Tungahoo,1,WR,5,0
0,8,6,Tungahoo,1,RB,16,10
0,8,6,Tungahoo,1,RB,9,9
0,8,6,Tungahoo,1,TE,6,2
0,8,6,Tungahoo,1,K,8,11
0,8,6,Tungahoo,1,DEF,10,10
0,8,6,Tungahoo,0,WR,NA,NA
0,8,6,Tungahoo,0,RB,NA,NA
0,8,6,Tungahoo,0,QB,19,0
0,8,6,Tungahoo,0,RB,7,3
0,8,6,Tungahoo,0,K,NA,NA
0,8,6,Tungahoo,0,DEF,10,26
0,8,6,Rochambeau,1,QB,22,11
0,8,6,Rochambeau,1,WR,16,7
0,8,6,Rochambeau,1,WR,9,6
0,8,6,Rochambeau,1,WR,7,14
0,8,6,Rochambeau,1,RB,7,9
0,8,6,Rochambeau,1,RB,9,7
0,8,6,Rochambeau,1,TE,8,8
0,8,6,Rochambeau,1,K,7,7
0,8,6,Rochambeau,1,DEF,8,7
0,8,6,Rochambeau,0,WR,NA,NA
0,8,6,Rochambeau,0,RB,NA,NA
0,8,6,Rochambeau,0,RB,7,9
0,8,6,Rochambeau,0,QB,NA,NA
0,8,6,Rochambeau,0,WR,5,11
0,8,6,Rochambeau,0,TE,4,20
0,9,1,Soccer Team,1,QB,24,29
0,9,1,Soccer Team,1,WR,8,8
0,9,1,Soccer Team,1,WR,8,4
0,9,1,Soccer Team,1,WR,7,7
0,9,1,Soccer Team,1,RB,9,8
0,9,1,Soccer Team,1,RB,2,1
0,9,1,Soccer Team,1,TE,6,7
0,9,1,Soccer Team,1,K,10,9
0,9,1,Soccer Team,1,DEF,11,11
0,9,1,Soccer Team,0,TE,NA,NA
0,9,1,Soccer Team,0,WR,7,7
0,9,1,Soccer Team,0,RB,NA,NA
0,9,1,Soccer Team,0,WR,0,0
0,9,1,Soccer Team,0,RB,NA,NA
0,9,1,Soccer Team,0,DEF,12,7
0,9,1,Rochambeau,1,QB,13,32
0,9,1,Rochambeau,1,WR,8,13
0,9,1,Rochambeau,1,WR,7,24
0,9,1,Rochambeau,1,WR,6,5
0,9,1,Rochambeau,1,RB,7,7
0,9,1,Rochambeau,1,RB,7,10
0,9,1,Rochambeau,1,TE,3,1
0,9,1,Rochambeau,1,K,7,15
0,9,1,Rochambeau,1,DEF,8,6
0,9,1,Rochambeau,0,TE,NA,NA
0,9,1,Rochambeau,0,QB,NA,NA
0,9,1,Rochambeau,0,WR,NA,NA
0,9,1,Rochambeau,0,WR,6,5
0,9,1,Rochambeau,0,RB,7,-4
0,9,1,Rochambeau,0,WR,6,9
0,9,2,SteaGles,1,QB,16,31
0,9,2,SteaGles,1,WR,11,7
0,9,2,SteaGles,1,WR,7,3
0,9,2,SteaGles,1,WR,4,0
0,9,2,SteaGles,1,RB,7,1
0,9,2,SteaGles,1,RB,8,23
0,9,2,SteaGles,1,TE,10,13
0,9,2,SteaGles,1,K,7,5
0,9,2,SteaGles,1,DEF,11,-2
0,9,2,SteaGles,0,WR,NA,NA
0,9,2,SteaGles,0,WR,NA,NA
0,9,2,SteaGles,0,QB,NA,NA
0,9,2,SteaGles,0,RB,5,2
0,9,2,SteaGles,0,RB,6,4
0,9,2,SteaGles,0,DEF,NA,NA
0,9,2,Koersteel,1,QB,21,17
0,9,2,Koersteel,1,WR,9,0
0,9,2,Koersteel,1,WR,3,14
0,9,2,Koersteel,1,WR,5,1
0,9,2,Koersteel,1,RB,NA,NA
0,9,2,Koersteel,1,RB,7,14
0,9,2,Koersteel,1,TE,0,0
0,9,2,Koersteel,1,K,8,11
0,9,2,Koersteel,1,DEF,7,7
0,9,2,Koersteel,0,WR,NA,NA
0,9,2,Koersteel,0,WR,7,12
0,9,2,Koersteel,0,QB,16,38
0,9,2,Koersteel,0,WR,6,3
0,9,2,Koersteel,0,TE,4,-3
0,9,2,Koersteel,0,K,0,0
0,9,3,Demo Demolishers,1,QB,20,23
0,9,3,Demo Demolishers,1,WR,7,20
0,9,3,Demo Demolishers,1,WR,11,13
0,9,3,Demo Demolishers,1,WR,6,3
0,9,3,Demo Demolishers,1,RB,7,7
0,9,3,Demo Demolishers,1,RB,14,21
0,9,3,Demo Demolishers,1,TE,6,14
0,9,3,Demo Demolishers,1,K,8,7
0,9,3,Demo Demolishers,1,DEF,11,14
0,9,3,Demo Demolishers,0,WR,NA,NA
0,9,3,Demo Demolishers,0,RB,5,20
0,9,3,Demo Demolishers,0,QB,13,14
0,9,3,Demo Demolishers,0,WR,5,1
0,9,3,Demo Demolishers,0,K,NA,NA
0,9,3,Demo Demolishers,0,DEF,7,7
0,9,3,Flashed Past,1,QB,17,17
0,9,3,Flashed Past,1,WR,10,4
0,9,3,Flashed Past,1,WR,8,14
0,9,3,Flashed Past,1,WR,7,7
0,9,3,Flashed Past,1,RB,7,8
0,9,3,Flashed Past,1,RB,8,7
0,9,3,Flashed Past,1,TE,7,0
0,9,3,Flashed Past,1,K,NA,NA
0,9,3,Flashed Past,1,DEF,12,16
0,9,3,Flashed Past,0,RB,16,15
0,9,3,Flashed Past,0,WR,6,5
0,9,3,Flashed Past,0,QB,12,5
0,9,3,Flashed Past,0,WR,7,19
0,9,3,Flashed Past,0,TE,NA,NA
0,9,3,Flashed Past,0,RB,3,1
0,9,3,Flashed Past,0,K,8,8
0,9,4,Die Ubermanner,1,QB,15,6
0,9,4,Die Ubermanner,1,WR,11,12
0,9,4,Die Ubermanner,1,WR,11,1
0,9,4,Die Ubermanner,1,WR,8,11
0,9,4,Die Ubermanner,1,RB,0,0
0,9,4,Die Ubermanner,1,RB,7,3
0,9,4,Die Ubermanner,1,TE,6,3
0,9,4,Die Ubermanner,1,K,10,5
0,9,4,Die Ubermanner,1,DEF,8,6
0,9,4,Die Ubermanner,0,TE,0,0
0,9,4,Die Ubermanner,0,RB,6,7
0,9,4,Die Ubermanner,0,RB,NA,NA
0,9,4,Die Ubermanner,0,WR,NA,NA
0,9,4,Die Ubermanner,0,RB,6,9
0,9,4,Die Ubermanner,0,TE,0,0
0,9,4,Tungahoo,1,QB,24,24
0,9,4,Tungahoo,1,WR,7,2
0,9,4,Tungahoo,1,WR,7,9
0,9,4,Tungahoo,1,WR,7,5
0,9,4,Tungahoo,1,RB,9,7
0,9,4,Tungahoo,1,RB,10,1
0,9,4,Tungahoo,1,TE,6,2
0,9,4,Tungahoo,1,K,8,3
0,9,4,Tungahoo,1,DEF,9,21
0,9,4,Tungahoo,0,WR,3,1
0,9,4,Tungahoo,0,RB,NA,NA
0,9,4,Tungahoo,0,QB,16,2
0,9,4,Tungahoo,0,RB,4,1
0,9,4,Tungahoo,0,K,9,4
0,9,4,Tungahoo,0,DEF,4,-2
0,9,5,Justin's Team,1,QB,16,28
0,9,5,Justin's Team,1,WR,10,5
0,9,5,Justin's Team,1,WR,9,18
0,9,5,Justin's Team,1,WR,6,8
0,9,5,Justin's Team,1,RB,10,5
0,9,5,Justin's Team,1,RB,9,0
0,9,5,Justin's Team,1,TE,9,5
0,9,5,Justin's Team,1,K,NA,NA
0,9,5,Justin's Team,1,DEF,9,9
0,9,5,Justin's Team,0,WR,NA,NA
0,9,5,Justin's Team,0,WR,4,7
0,9,5,Justin's Team,0,RB,6,3
0,9,5,Justin's Team,0,RB,4,2
0,9,5,Justin's Team,0,TE,NA,NA
0,9,5,Justin's Team,0,QB,13,20
0,9,5,TheBusters,1,QB,19,19
0,9,5,TheBusters,1,WR,0,0
0,9,5,TheBusters,1,WR,10,6
0,9,5,TheBusters,1,WR,8,13
0,9,5,TheBusters,1,RB,8,12
0,9,5,TheBusters,1,RB,14,2
0,9,5,TheBusters,1,TE,5,7
0,9,5,TheBusters,1,K,9,13
0,9,5,TheBusters,1,DEF,9,16
0,9,5,TheBusters,0,WR,5,0
0,9,5,TheBusters,0,WR,6,13
0,9,5,TheBusters,0,RB,NA,NA
0,9,5,TheBusters,0,RB,NA,NA
0,9,5,TheBusters,0,K,8,4
0,9,5,TheBusters,0,DEF,NA,NA
0,9,6,Ken'nNat,1,QB,23,26
0,9,6,Ken'nNat,1,WR,6,8
0,9,6,Ken'nNat,1,WR,7,3
0,9,6,Ken'nNat,1,WR,6,2
0,9,6,Ken'nNat,1,RB,10,14
0,9,6,Ken'nNat,1,RB,8,17
0,9,6,Ken'nNat,1,TE,7,13
0,9,6,Ken'nNat,1,K,10,17
0,9,6,Ken'nNat,1,DEF,13,15
0,9,6,Ken'nNat,0,RB,NA,NA
0,9,6,Ken'nNat,0,RB,NA,NA
0,9,6,Ken'nNat,0,WR,NA,NA
0,9,6,Ken'nNat,0,WR,NA,NA
0,9,6,Ken'nNat,0,QB,22,22
0,9,6,Ken'nNat,0,WR,NA,NA
0,9,6,Dem Gulls,1,QB,23,31
0,9,6,Dem Gulls,1,WR,7,4
0,9,6,Dem Gulls,1,WR,6,10
0,9,6,Dem Gulls,1,WR,8,31
0,9,6,Dem Gulls,1,RB,15,5
0,9,6,Dem Gulls,1,RB,8,4
0,9,6,Dem Gulls,1,TE,6,0
0,9,6,Dem Gulls,1,K,10,5
0,9,6,Dem Gulls,1,DEF,7,8
0,9,6,Dem Gulls,0,WR,7,3
0,9,6,Dem Gulls,0,RB,7,3
0,9,6,Dem Gulls,0,RB,NA,NA
0,9,6,Dem Gulls,0,QB,NA,NA
0,9,6,Dem Gulls,0,WR,6,2
0,9,6,Dem Gulls,0,DEF,NA,NA
0,10,1,Soccer Team,1,QB,21,11
0,10,1,Soccer Team,1,WR,7,21
0,10,1,Soccer Team,1,WR,7,16
0,10,1,Soccer Team,1,WR,8,6
0,10,1,Soccer Team,1,RB,7,5
0,10,1,Soccer Team,1,RB,8,7
0,10,1,Soccer Team,1,TE,10,7
0,10,1,Soccer Team,1,K,8,10
0,10,1,Soccer Team,1,DEF,12,8
0,10,1,Soccer Team,0,WR,NA,NA
0,10,1,Soccer Team,0,WR,0,0
0,10,1,Soccer Team,0,RB,7,7
0,10,1,Soccer Team,0,RB,6,14
0,10,1,Soccer Team,0,RB,7,21
0,10,1,Soccer Team,0,K,NA,NA
0,10,1,Demo Demolishers,1,QB,20,17
0,10,1,Demo Demolishers,1,WR,15,5
0,10,1,Demo Demolishers,1,WR,6,1
0,10,1,Demo Demolishers,1,WR,7,4
0,10,1,Demo Demolishers,1,RB,17,12
0,10,1,Demo Demolishers,1,RB,6,11
0,10,1,Demo Demolishers,1,TE,6,10
0,10,1,Demo Demolishers,1,K,9,11
0,10,1,Demo Demolishers,1,DEF,8,4
0,10,1,Demo Demolishers,0,RB,0,0
0,10,1,Demo Demolishers,0,WR,NA,NA
0,10,1,Demo Demolishers,0,QB,14,21
0,10,1,Demo Demolishers,0,WR,4,1
0,10,1,Demo Demolishers,0,K,9,11
0,10,1,Demo Demolishers,0,DEF,2,0
0,10,2,SteaGles,1,QB,21,20
0,10,2,SteaGles,1,WR,9,3
0,10,2,SteaGles,1,WR,7,13
0,10,2,SteaGles,1,WR,7,3
0,10,2,SteaGles,1,RB,8,21
0,10,2,SteaGles,1,RB,5,12
0,10,2,SteaGles,1,TE,6,0
0,10,2,SteaGles,1,K,7,8
0,10,2,SteaGles,1,DEF,8,1
0,10,2,SteaGles,0,RB,7,12
0,10,2,SteaGles,0,QB,17,1
0,10,2,SteaGles,0,TE,NA,NA
0,10,2,SteaGles,0,RB,6,5
0,10,2,SteaGles,0,WR,0,0
0,10,2,SteaGles,0,RB,5,1
0,10,2,Tungahoo,1,QB,22,13
0,10,2,Tungahoo,1,WR,6,8
0,10,2,Tungahoo,1,WR,7,10
0,10,2,Tungahoo,1,WR,6,15
0,10,2,Tungahoo,1,RB,11,33
0,10,2,Tungahoo,1,RB,19,11
0,10,2,Tungahoo,1,TE,6,6
0,10,2,Tungahoo,1,K,9,7
0,10,2,Tungahoo,1,DEF,9,10
0,10,2,Tungahoo,0,RB,6,1
0,10,2,Tungahoo,0,WR,3,0
0,10,2,Tungahoo,0,QB,0,0
0,10,2,Tungahoo,0,RB,NA,NA
0,10,2,Tungahoo,0,K,8,4
0,10,2,Tungahoo,0,DEF,NA,NA
0,10,3,Die Ubermanner,1,QB,20,30
0,10,3,Die Ubermanner,1,WR,7,0
0,10,3,Die Ubermanner,1,WR,7,24
0,10,3,Die Ubermanner,1,WR,7,7
0,10,3,Die Ubermanner,1,RB,15,4
0,10,3,Die Ubermanner,1,RB,8,4
0,10,3,Die Ubermanner,1,TE,0,0
0,10,3,Die Ubermanner,1,K,8,11
0,10,3,Die Ubermanner,1,DEF,13,16
0,10,3,Die Ubermanner,0,WR,0,0
0,10,3,Die Ubermanner,0,RB,8,25
0,10,3,Die Ubermanner,0,WR,NA,NA
0,10,3,Die Ubermanner,0,RB,6,5
0,10,3,Die Ubermanner,0,TE,0,0
0,10,3,Die Ubermanner,0,RB,NA,NA
0,10,3,Dem Gulls,1,QB,25,30
0,10,3,Dem Gulls,1,WR,7,1
0,10,3,Dem Gulls,1,WR,8,2
0,10,3,Dem Gulls,1,WR,8,14
0,10,3,Dem Gulls,1,RB,13,3
0,10,3,Dem Gulls,1,RB,7,8
0,10,3,Dem Gulls,1,TE,7,0
0,10,3,Dem Gulls,1,K,8,4
0,10,3,Dem Gulls,1,DEF,13,8
0,10,3,Dem Gulls,0,WR,6,4
0,10,3,Dem Gulls,0,WR,NA,NA
0,10,3,Dem Gulls,0,RB,NA,NA
0,10,3,Dem Gulls,0,RB,NA,NA
0,10,3,Dem Gulls,0,QB,NA,NA
0,10,3,Dem Gulls,0,K,NA,NA
0,10,4,Justin's Team,1,QB,21,25
0,10,4,Justin's Team,1,WR,10,9
0,10,4,Justin's Team,1,WR,5,1
0,10,4,Justin's Team,1,WR,7,16
0,10,4,Justin's Team,1,RB,10,0
0,10,4,Justin's Team,1,RB,5,5
0,10,4,Justin's Team,1,TE,7,14
0,10,4,Justin's Team,1,K,9,4
0,10,4,Justin's Team,1,DEF,6,19
0,10,4,Justin's Team,0,WR,NA,NA
0,10,4,Justin's Team,0,WR,NA,NA
0,10,4,Justin's Team,0,RB,NA,NA
0,10,4,Justin's Team,0,RB,4,3
0,10,4,Justin's Team,0,TE,2,7
0,10,4,Justin's Team,0,QB,13,17
0,10,4,Flashed Past,1,QB,18,20
0,10,4,Flashed Past,1,WR,8,4
0,10,4,Flashed Past,1,WR,7,13
0,10,4,Flashed Past,1,WR,9,13
0,10,4,Flashed Past,1,RB,6,15
0,10,4,Flashed Past,1,RB,7,10
0,10,4,Flashed Past,1,TE,6,1
0,10,4,Flashed Past,1,K,9,10
0,10,4,Flashed Past,1,DEF,8,7
0,10,4,Flashed Past,0,WR,7,3
0,10,4,Flashed Past,0,RB,0,0
0,10,4,Flashed Past,0,WR,6,3
0,10,4,Flashed Past,0,QB,14,18
0,10,4,Flashed Past,0,TE,2,3
0,10,4,Flashed Past,0,RB,1,8
0,10,5,Ken'nNat,1,QB,19,22
0,10,5,Ken'nNat,1,WR,6,2
0,10,5,Ken'nNat,1,WR,9,7
0,10,5,Ken'nNat,1,WR,9,13
0,10,5,Ken'nNat,1,RB,7,0
0,10,5,Ken'nNat,1,RB,10,0
0,10,5,Ken'nNat,1,TE,7,9
0,10,5,Ken'nNat,1,K,10,17
0,10,5,Ken'nNat,1,DEF,12,14
0,10,5,Ken'nNat,0,RB,6,5
0,10,5,Ken'nNat,0,RB,NA,NA
0,10,5,Ken'nNat,0,WR,4,6
0,10,5,Ken'nNat,0,RB,0,0
0,10,5,Ken'nNat,0,QB,NA,NA
0,10,5,Ken'nNat,0,WR,0,0
0,10,5,Rochambeau,1,QB,14,18
0,10,5,Rochambeau,1,WR,17,4
0,10,5,Rochambeau,1,WR,7,2
0,10,5,Rochambeau,1,WR,8,10
0,10,5,Rochambeau,1,RB,7,9
0,10,5,Rochambeau,1,RB,5,5
0,10,5,Rochambeau,1,TE,7,3
0,10,5,Rochambeau,1,K,7,10
0,10,5,Rochambeau,1,DEF,7,-4
0,10,5,Rochambeau,0,RB,4,13
0,10,5,Rochambeau,0,WR,5,4
0,10,5,Rochambeau,0,WR,NA,NA
0,10,5,Rochambeau,0,TE,4,0
0,10,5,Rochambeau,0,WR,4,5
0,10,5,Rochambeau,0,QB,11,17
0,10,6,Koersteel,1,QB,20,34
0,10,6,Koersteel,1,WR,12,19
0,10,6,Koersteel,1,WR,4,2
0,10,6,Koersteel,1,WR,5,1
0,10,6,Koersteel,1,RB,12,5
0,10,6,Koersteel,1,RB,9,16
0,10,6,Koersteel,1,TE,5,5
0,10,6,Koersteel,1,K,0,0
0,10,6,Koersteel,1,DEF,12,3
0,10,6,Koersteel,0,TE,NA,NA
0,10,6,Koersteel,0,QB,NA,NA
0,10,6,Koersteel,0,WR,4,6
0,10,6,Koersteel,0,WR,5,10
0,10,6,Koersteel,0,WR,7,15
0,10,6,Koersteel,0,K,NA,NA
0,10,6,TheBusters,1,QB,19,45
0,10,6,TheBusters,1,WR,7,4
0,10,6,TheBusters,1,WR,9,13
0,10,6,TheBusters,1,WR,9,15
0,10,6,TheBusters,1,RB,11,9
0,10,6,TheBusters,1,RB,14,5
0,10,6,TheBusters,1,TE,7,6
0,10,6,TheBusters,1,K,9,9
0,10,6,TheBusters,1,DEF,13,20
0,10,6,TheBusters,0,WR,5,12
0,10,6,TheBusters,0,WR,6,5
0,10,6,TheBusters,0,RB,6,8
0,10,6,TheBusters,0,RB,5,15
0,10,6,TheBusters,0,K,7,13
0,10,6,TheBusters,0,DEF,10,11
0,11,1,Soccer Team,1,QB,24,-6
0,11,1,Soccer Team,1,WR,9,7
0,11,1,Soccer Team,1,WR,8,8
0,11,1,Soccer Team,1,WR,8,2
0,11,1,Soccer Team,1,RB,11,11
0,11,1,Soccer Team,1,RB,7,14
0,11,1,Soccer Team,1,TE,12,3
0,11,1,Soccer Team,1,K,9,11
0,11,1,Soccer Team,1,DEF,13,31
0,11,1,Soccer Team,0,WR,0,0
0,11,1,Soccer Team,0,RB,8,14
0,11,1,Soccer Team,0,RB,7,9
0,11,1,Soccer Team,0,WR,NA,NA
0,11,1,Soccer Team,0,WR,3,3
0,11,1,Soccer Team,0,K,8,5
0,11,1,Flashed Past,1,QB,16,14
0,11,1,Flashed Past,1,WR,9,10
0,11,1,Flashed Past,1,WR,7,15
0,11,1,Flashed Past,1,WR,9,13
0,11,1,Flashed Past,1,RB,7,14
0,11,1,Flashed Past,1,RB,5,2
0,11,1,Flashed Past,1,TE,6,1
0,11,1,Flashed Past,1,K,9,7
0,11,1,Flashed Past,1,DEF,12,31
0,11,1,Flashed Past,0,WR,NA,NA
0,11,1,Flashed Past,0,RB,0,0
0,11,1,Flashed Past,0,WR,6,8
0,11,1,Flashed Past,0,QB,12,24
0,11,1,Flashed Past,0,TE,3,1
0,11,1,Flashed Past,0,RB,0,0
0,11,2,SteaGles,1,QB,19,38
0,11,2,SteaGles,1,WR,9,6
0,11,2,SteaGles,1,WR,7,4
0,11,2,SteaGles,1,WR,7,12
0,11,2,SteaGles,1,RB,12,19
0,11,2,SteaGles,1,RB,6,21
0,11,2,SteaGles,1,TE,10,9
0,11,2,SteaGles,1,K,9,0
0,11,2,SteaGles,1,DEF,9,10
0,11,2,SteaGles,0,RB,1,0
0,11,2,SteaGles,0,QB,0,18
0,11,2,SteaGles,0,RB,6,7
0,11,2,SteaGles,0,WR,0,0
0,11,2,SteaGles,0,RB,NA,NA
0,11,2,SteaGles,0,WR,5,4
0,11,2,Ken'nNat,1,QB,23,34
0,11,2,Ken'nNat,1,WR,6,2
0,11,2,Ken'nNat,1,WR,11,22
0,11,2,Ken'nNat,1,WR,9,3
0,11,2,Ken'nNat,1,RB,8,3
0,11,2,Ken'nNat,1,RB,7,7
0,11,2,Ken'nNat,1,TE,9,0
0,11,2,Ken'nNat,1,K,10,1
0,11,2,Ken'nNat,1,DEF,9,1
0,11,2,Ken'nNat,0,RB,NA,NA
0,11,2,Ken'nNat,0,RB,5,16
0,11,2,Ken'nNat,0,WR,4,26
0,11,2,Ken'nNat,0,QB,17,5
0,11,2,Ken'nNat,0,WR,0,0
0,11,2,Ken'nNat,0,RB,0,0
0,11,3,Demo Demolishers,1,QB,20,20
0,11,3,Demo Demolishers,1,WR,11,7
0,11,3,Demo Demolishers,1,WR,8,29
0,11,3,Demo Demolishers,1,WR,8,14
0,11,3,Demo Demolishers,1,RB,17,10
0,11,3,Demo Demolishers,1,RB,7,9
0,11,3,Demo Demolishers,1,TE,6,0
0,11,3,Demo Demolishers,1,K,11,20
0,11,3,Demo Demolishers,1,DEF,10,8
0,11,3,Demo Demolishers,0,RB,0,0
0,11,3,Demo Demolishers,0,QB,NA,NA
0,11,3,Demo Demolishers,0,RB,13,8
0,11,3,Demo Demolishers,0,WR,4,1
0,11,3,Demo Demolishers,0,RB,8,11
0,11,3,Demo Demolishers,0,WR,7,-3
0,11,3,Koersteel,1,QB,21,9
0,11,3,Koersteel,1,WR,12,11
0,11,3,Koersteel,1,WR,5,0
0,11,3,Koersteel,1,WR,0,0
0,11,3,Koersteel,1,RB,10,20
0,11,3,Koersteel,1,RB,NA,NA
0,11,3,Koersteel,1,TE,5,0
0,11,3,Koersteel,1,K,0,0
0,11,3,Koersteel,1,DEF,NA,NA
0,11,3,Koersteel,0,RB,10,0
0,11,3,Koersteel,0,RB,21,14
0,11,3,Koersteel,0,WR,4,3
0,11,3,Koersteel,0,QB,5,3
0,11,3,Koersteel,0,WR,9,1
0,11,3,Koersteel,0,RB,8,0
0,11,4,Die Ubermanner,1,QB,20,33
0,11,4,Die Ubermanner,1,WR,10,20
0,11,4,Die Ubermanner,1,WR,9,9
0,11,4,Die Ubermanner,1,WR,11,7
0,11,4,Die Ubermanner,1,RB,9,13
0,11,4,Die Ubermanner,1,RB,9,10
0,11,4,Die Ubermanner,1,TE,5,2
0,11,4,Die Ubermanner,1,K,10,17
0,11,4,Die Ubermanner,1,DEF,11,10
0,11,4,Die Ubermanner,0,TE,0,0
0,11,4,Die Ubermanner,0,RB,8,5
0,11,4,Die Ubermanner,0,WR,8,7
0,11,4,Die Ubermanner,0,RB,8,4
0,11,4,Die Ubermanner,0,RB,5,3
0,11,4,Die Ubermanner,0,TE,NA,NA
0,11,4,TheBusters,1,QB,13,21
0,11,4,TheBusters,1,WR,6,2
0,11,4,TheBusters,1,WR,12,9
0,11,4,TheBusters,1,WR,9,3
0,11,4,TheBusters,1,RB,11,26
0,11,4,TheBusters,1,RB,6,12
0,11,4,TheBusters,1,TE,7,9
0,11,4,TheBusters,1,K,9,11
0,11,4,TheBusters,1,DEF,8,0
0,11,4,TheBusters,0,RB,NA,NA
0,11,4,TheBusters,0,QB,NA,NA
0,11,4,TheBusters,0,WR,NA,NA
0,11,4,TheBusters,0,WR,6,19
0,11,4,TheBusters,0,RB,7,1
0,11,4,TheBusters,0,K,7,0
0,11,5,Justin's Team,1,QB,17,22
0,11,5,Justin's Team,1,WR,10,10
0,11,5,Justin's Team,1,WR,7,4
0,11,5,Justin's Team,1,WR,8,8
0,11,5,Justin's Team,1,RB,7,3
0,11,5,Justin's Team,1,RB,4,5
0,11,5,Justin's Team,1,TE,8,13
0,11,5,Justin's Team,1,K,9,19
0,11,5,Justin's Team,1,DEF,7,12
0,11,5,Justin's Team,0,WR,5,3
0,11,5,Justin's Team,0,RB,0,0
0,11,5,Justin's Team,0,WR,5,11
0,11,5,Justin's Team,0,RB,4,0
0,11,5,Justin's Team,0,TE,0,0
0,11,5,Justin's Team,0,QB,13,9
0,11,5,Tungahoo,1,QB,24,26
0,11,5,Tungahoo,1,WR,6,8
0,11,5,Tungahoo,1,WR,7,12
0,11,5,Tungahoo,1,WR,6,14
0,11,5,Tungahoo,1,RB,16,23
0,11,5,Tungahoo,1,RB,16,9
0,11,5,Tungahoo,1,TE,8,3
0,11,5,Tungahoo,1,K,8,6
0,11,5,Tungahoo,1,DEF,11,8
0,11,5,Tungahoo,0,TE,NA,NA
0,11,5,Tungahoo,0,RB,0,0
0,11,5,Tungahoo,0,WR,0,0
0,11,5,Tungahoo,0,QB,0,0
0,11,5,Tungahoo,0,RB,4,1
0,11,5,Tungahoo,0,DEF,9,-1
0,11,6,Dem Gulls,1,QB,27,33
0,11,6,Dem Gulls,1,WR,7,2
0,11,6,Dem Gulls,1,WR,7,5
0,11,6,Dem Gulls,1,WR,6,0
0,11,6,Dem Gulls,1,RB,11,14
0,11,6,Dem Gulls,1,RB,15,7
0,11,6,Dem Gulls,1,TE,8,6
0,11,6,Dem Gulls,1,K,11,9
0,11,6,Dem Gulls,1,DEF,11,22
0,11,6,Dem Gulls,0,WR,NA,NA
0,11,6,Dem Gulls,0,WR,NA,NA
0,11,6,Dem Gulls,0,RB,8,12
0,11,6,Dem Gulls,0,QB,25,23
0,11,6,Dem Gulls,0,TE,5,2
0,11,6,Rochambeau,1,QB,16,24
0,11,6,Rochambeau,1,WR,13,34
0,11,6,Rochambeau,1,WR,7,14
0,11,6,Rochambeau,1,WR,6,3
0,11,6,Rochambeau,1,RB,7,4
0,11,6,Rochambeau,1,TE,7,5
0,11,6,Rochambeau,1,K,7,6
0,11,6,Rochambeau,1,DEF,11,7
0,11,6,Rochambeau,0,RB,NA,NA
0,11,6,Rochambeau,0,WR,8,12
0,11,6,Rochambeau,0,RB,NA,NA
0,11,6,Rochambeau,0,WR,5,3
0,11,6,Rochambeau,0,TE,3,0
0,11,6,Rochambeau,0,WR,4,3
0,11,6,Rochambeau,0,RB,7,1
0,12,1,Soccer Team,1,QB,23,1
0,12,1,Soccer Team,1,WR,8,12
0,12,1,Soccer Team,1,WR,8,0
0,12,1,Soccer Team,1,WR,4,4
0,12,1,Soccer Team,1,RB,9,15
0,12,1,Soccer Team,1,RB,9,4
0,12,1,Soccer Team,1,TE,12,20
0,12,1,Soccer Team,1,K,10,14
0,12,1,Soccer Team,1,DEF,12,13
0,12,1,Soccer Team,0,WR,6,0
0,12,1,Soccer Team,0,RB,8,14
0,12,1,Soccer Team,0,RB,8,11
0,12,1,Soccer Team,0,WR,0,0
0,12,1,Soccer Team,0,RB,12,21
0,12,1,Soccer Team,0,WR,0,0
0,12,1,Die Ubermanner,1,QB,22,18
0,12,1,Die Ubermanner,1,WR,11,8
0,12,1,Die Ubermanner,1,WR,9,7
0,12,1,Die Ubermanner,1,WR,11,5
0,12,1,Die Ubermanner,1,RB,12,3
0,12,1,Die Ubermanner,1,RB,10,9
0,12,1,Die Ubermanner,1,TE,6,1
0,12,1,Die Ubermanner,1,K,9,10
0,12,1,Die Ubermanner,1,DEF,8,5
0,12,1,Die Ubermanner,0,RB,8,5
0,12,1,Die Ubermanner,0,RB,7,2
0,12,1,Die Ubermanner,0,TE,0,0
0,12,1,Die Ubermanner,0,WR,8,22
0,12,1,Die Ubermanner,0,RB,6,8
0,12,1,Die Ubermanner,0,RB,7,3
0,12,2,SteaGles,1,QB,22,38
0,12,2,SteaGles,1,WR,9,3
0,12,2,SteaGles,1,WR,6,1
0,12,2,SteaGles,1,WR,7,1
0,12,2,SteaGles,1,RB,12,32
0,12,2,SteaGles,1,RB,9,14
0,12,2,SteaGles,1,TE,12,3
0,12,2,SteaGles,1,K,9,8
0,12,2,SteaGles,1,DEF,9,9
0,12,2,SteaGles,0,RB,1,0
0,12,2,SteaGles,0,QB,15,15
0,12,2,SteaGles,0,RB,6,1
0,12,2,SteaGles,0,WR,0,0
0,12,2,SteaGles,0,RB,6,3
0,12,2,SteaGles,0,WR,6,6
0,12,2,TheBusters,1,QB,20,16
0,12,2,TheBusters,1,WR,11,5
0,12,2,TheBusters,1,WR,9,1
0,12,2,TheBusters,1,WR,5,1
0,12,2,TheBusters,1,RB,13,7
0,12,2,TheBusters,1,RB,12,6
0,12,2,TheBusters,1,TE,8,12
0,12,2,TheBusters,1,K,9,13
0,12,2,TheBusters,1,DEF,7,5
0,12,2,TheBusters,0,WR,0,0
0,12,2,TheBusters,0,WR,0,0
0,12,2,TheBusters,0,RB,7,6
0,12,2,TheBusters,0,QB,14,33
0,12,2,TheBusters,0,RB,6,10
0,12,2,TheBusters,0,K,6,4
0,12,3,Demo Demolishers,1,QB,23,20
0,12,3,Demo Demolishers,1,WR,11,40
0,12,3,Demo Demolishers,1,WR,8,25
0,12,3,Demo Demolishers,1,WR,9,11
0,12,3,Demo Demolishers,1,RB,17,12
0,12,3,Demo Demolishers,1,RB,7,3
0,12,3,Demo Demolishers,1,TE,6,7
0,12,3,Demo Demolishers,1,K,11,5
0,12,3,Demo Demolishers,1,DEF,8,1
0,12,3,Demo Demolishers,0,WR,0,0
0,12,3,Demo Demolishers,0,RB,5,2
0,12,3,Demo Demolishers,0,QB,16,1
0,12,3,Demo Demolishers,0,WR,5,1
0,12,3,Demo Demolishers,0,K,10,11
0,12,3,Demo Demolishers,0,DEF,9,0
0,12,3,Tungahoo,1,QB,23,15
0,12,3,Tungahoo,1,WR,6,6
0,12,3,Tungahoo,1,WR,8,7
0,12,3,Tungahoo,1,WR,7,14
0,12,3,Tungahoo,1,RB,17,3
0,12,3,Tungahoo,1,RB,19,14
0,12,3,Tungahoo,1,TE,8,0
0,12,3,Tungahoo,1,K,9,9
0,12,3,Tungahoo,1,DEF,11,4
0,12,3,Tungahoo,0,TE,6,2
0,12,3,Tungahoo,0,RB,0,0
0,12,3,Tungahoo,0,WR,0,0
0,12,3,Tungahoo,0,QB,0,0
0,12,3,Tungahoo,0,RB,4,9
0,12,3,Tungahoo,0,DEF,5,7
0,12,4,Justin's Team,1,QB,18,18
0,12,4,Justin's Team,1,WR,11,2
0,12,4,Justin's Team,1,WR,0,0
0,12,4,Justin's Team,1,WR,8,6
0,12,4,Justin's Team,1,RB,7,3
0,12,4,Justin's Team,1,RB,7,6
0,12,4,Justin's Team,1,TE,11,9
0,12,4,Justin's Team,1,K,10,5
0,12,4,Justin's Team,1,DEF,11,3
0,12,4,Justin's Team,0,WR,6,2
0,12,4,Justin's Team,0,RB,0,0
0,12,4,Justin's Team,0,WR,6,4
0,12,4,Justin's Team,0,RB,3,0
0,12,4,Justin's Team,0,TE,0,0
0,12,4,Justin's Team,0,QB,11,21
0,12,4,Dem Gulls,1,QB,29,27
0,12,4,Dem Gulls,1,WR,7,7
0,12,4,Dem Gulls,1,WR,9,1
0,12,4,Dem Gulls,1,WR,7,28
0,12,4,Dem Gulls,1,RB,11,8
0,12,4,Dem Gulls,1,RB,12,1
0,12,4,Dem Gulls,1,TE,9,0
0,12,4,Dem Gulls,1,K,10,5
0,12,4,Dem Gulls,1,DEF,14,1
0,12,4,Dem Gulls,0,WR,7,3
0,12,4,Dem Gulls,0,WR,6,15
0,12,4,Dem Gulls,0,RB,8,12
0,12,4,Dem Gulls,0,QB,25,29
0,12,4,Dem Gulls,0,TE,5,6
0,12,4,Dem Gulls,0,WR,8,7
0,12,5,Ken'nNat,1,QB,25,26
0,12,5,Ken'nNat,1,WR,11,15
0,12,5,Ken'nNat,1,WR,9,6
0,12,5,Ken'nNat,1,WR,7,4
0,12,5,Ken'nNat,1,RB,6,9
0,12,5,Ken'nNat,1,RB,8,16
0,12,5,Ken'nNat,1,TE,8,1
0,12,5,Ken'nNat,1,K,10,18
0,12,5,Ken'nNat,1,DEF,12,11
0,12,5,Ken'nNat,0,WR,4,1
0,12,5,Ken'nNat,0,RB,4,4
0,12,5,Ken'nNat,0,RB,4,1
0,12,5,Ken'nNat,0,QB,20,13
0,12,5,Ken'nNat,0,WR,0,0
0,12,5,Ken'nNat,0,WR,6,14
0,12,5,Flashed Past,1,QB,22,7
0,12,5,Flashed Past,1,WR,9,1
0,12,5,Flashed Past,1,WR,8,3
0,12,5,Flashed Past,1,WR,9,14
0,12,5,Flashed Past,1,RB,7,3
0,12,5,Flashed Past,1,RB,7,4
0,12,5,Flashed Past,1,TE,8,9
0,12,5,Flashed Past,1,K,9,11
0,12,5,Flashed Past,1,DEF,14,13
0,12,5,Flashed Past,0,WR,6,18
0,12,5,Flashed Past,0,RB,0,0
0,12,5,Flashed Past,0,WR,7,8
0,12,5,Flashed Past,0,QB,15,22
0,12,5,Flashed Past,0,TE,0,0
0,12,5,Flashed Past,0,RB,0,0
0,12,6,Koersteel,1,QB,23,25
0,12,6,Koersteel,1,WR,12,6
0,12,6,Koersteel,1,WR,5,1
0,12,6,Koersteel,1,WR,5,1
0,12,6,Koersteel,1,RB,9,1
0,12,6,Koersteel,1,RB,10,9
0,12,6,Koersteel,1,TE,11,18
0,12,6,Koersteel,1,K,8,2
0,12,6,Koersteel,1,DEF,11,12
0,12,6,Koersteel,0,TE,6,4
0,12,6,Koersteel,0,QB,17,21
0,12,6,Koersteel,0,WR,5,12
0,12,6,Koersteel,0,WR,7,14
0,12,6,Koersteel,0,WR,7,1
0,12,6,Koersteel,0,K,9,0
0,12,6,Rochambeau,1,QB,16,37
0,12,6,Rochambeau,1,WR,16,32
0,12,6,Rochambeau,1,WR,7,24
0,12,6,Rochambeau,1,WR,6,0
0,12,6,Rochambeau,1,RB,10,24
0,12,6,Rochambeau,1,RB,0,7
0,12,6,Rochambeau,1,TE,7,18
0,12,6,Rochambeau,1,K,8,2
0,12,6,Rochambeau,1,DEF,8,5
0,12,6,Rochambeau,0,RB,6,13
0,12,6,Rochambeau,0,WR,8,1
0,12,6,Rochambeau,0,RB,7,8
0,12,6,Rochambeau,0,WR,8,13
0,12,6,Rochambeau,0,WR,4,11
0,12,6,Rochambeau,0,RB,5,1
0,13,1,Soccer Team,1,QB,17,34
0,13,1,Soccer Team,1,WR,5,7
0,13,1,Soccer Team,1,WR,7,5
0,13,1,Soccer Team,1,WR,9,12
0,13,1,Soccer Team,1,RB,9,6
0,13,1,Soccer Team,1,RB,9,9
0,13,1,Soccer Team,1,TE,13,16
0,13,1,Soccer Team,1,K,10,17
0,13,1,Soccer Team,1,DEF,14,15
0,13,1,Soccer Team,0,WR,7,9
0,13,1,Soccer Team,0,RB,8,8
0,13,1,Soccer Team,0,QB,19,18
0,13,1,Soccer Team,0,WR,0,0
0,13,1,Soccer Team,0,RB,6,4
0,13,1,Soccer Team,0,WR,7,0
0,13,1,SteaGles,1,QB,21,22
0,13,1,SteaGles,1,WR,9,12
0,13,1,SteaGles,1,WR,7,14
0,13,1,SteaGles,1,WR,8,3
0,13,1,SteaGles,1,RB,12,24
0,13,1,SteaGles,1,RB,8,9
0,13,1,SteaGles,1,TE,11,21
0,13,1,SteaGles,1,K,8,4
0,13,1,SteaGles,1,DEF,7,5
0,13,1,SteaGles,0,RB,1,0
0,13,1,SteaGles,0,QB,17,2
0,13,1,SteaGles,0,RB,6,10
0,13,1,SteaGles,0,WR,0,0
0,13,1,SteaGles,0,RB,5,4
0,13,1,SteaGles,0,WR,7,8
0,13,2,Demo Demolishers,1,QB,21,6
0,13,2,Demo Demolishers,1,WR,12,2
0,13,2,Demo Demolishers,1,WR,10,18
0,13,2,Demo Demolishers,1,WR,9,6
0,13,2,Demo Demolishers,1,RB,14,15
0,13,2,Demo Demolishers,1,RB,0,0
0,13,2,Demo Demolishers,1,TE,5,3
0,13,2,Demo Demolishers,1,K,10,13
0,13,2,Demo Demolishers,1,DEF,6,5
0,13,2,Demo Demolishers,0,WR,0,0
0,13,2,Demo Demolishers,0,RB,5,14
0,13,2,Demo Demolishers,0,QB,0,0
0,13,2,Demo Demolishers,0,WR,4,4
0,13,2,Demo Demolishers,0,K,9,10
0,13,2,Demo Demolishers,0,DEF,7,18
0,13,2,Dem Gulls,1,QB,21,18
0,13,2,Dem Gulls,1,WR,9,12
0,13,2,Dem Gulls,1,WR,6,22
0,13,2,Dem Gulls,1,WR,8,2
0,13,2,Dem Gulls,1,RB,12,9
0,13,2,Dem Gulls,1,RB,10,6
0,13,2,Dem Gulls,1,TE,7,1
0,13,2,Dem Gulls,1,K,8,6
0,13,2,Dem Gulls,1,DEF,10,4
0,13,2,Dem Gulls,0,QB,26,9
0,13,2,Dem Gulls,0,WR,7,0
0,13,2,Dem Gulls,0,WR,6,11
0,13,2,Dem Gulls,0,WR,7,1
0,13,2,Dem Gulls,0,RB,9,21
0,13,2,Dem Gulls,0,TE,6,2
0,13,3,Die Ubermanner,1,QB,22,15
0,13,3,Die Ubermanner,1,WR,12,5
0,13,3,Die Ubermanner,1,WR,10,3
0,13,3,Die Ubermanner,1,WR,10,32
0,13,3,Die Ubermanner,1,RB,12,13
0,13,3,Die Ubermanner,1,RB,7,10
0,13,3,Die Ubermanner,1,TE,0,0
0,13,3,Die Ubermanner,1,K,9,6
0,13,3,Die Ubermanner,1,DEF,8,-5
0,13,3,Die Ubermanner,0,RB,9,7
0,13,3,Die Ubermanner,0,TE,0,0
0,13,3,Die Ubermanner,0,RB,6,4
0,13,3,Die Ubermanner,0,WR,8,3
0,13,3,Die Ubermanner,0,RB,8,18
0,13,3,Die Ubermanner,0,QB,0,0
0,13,3,Flashed Past,1,QB,18,20
0,13,3,Flashed Past,1,WR,9,8
0,13,3,Flashed Past,1,WR,11,8
0,13,3,Flashed Past,1,WR,9,9
0,13,3,Flashed Past,1,RB,7,9
0,13,3,Flashed Past,1,RB,7,3
0,13,3,Flashed Past,1,TE,7,1
0,13,3,Flashed Past,1,K,7,4
0,13,3,Flashed Past,1,DEF,9,20
0,13,3,Flashed Past,0,WR,6,17
0,13,3,Flashed Past,0,RB,0,0
0,13,3,Flashed Past,0,WR,7,8
0,13,3,Flashed Past,0,QB,15,22
0,13,3,Flashed Past,0,TE,0,0
0,13,3,Flashed Past,0,RB,4,5
0,13,4,Justin's Team,1,QB,17,13
0,13,4,Justin's Team,1,WR,10,8
0,13,4,Justin's Team,1,WR,7,1
0,13,4,Justin's Team,1,WR,0,0
0,13,4,Justin's Team,1,RB,0,0
0,13,4,Justin's Team,1,RB,7,2
0,13,4,Justin's Team,1,TE,9,8
0,13,4,Justin's Team,1,K,8,11
0,13,4,Justin's Team,1,DEF,7,4
0,13,4,Justin's Team,0,WR,4,2
0,13,4,Justin's Team,0,RB,10,7
0,13,4,Justin's Team,0,WR,6,13
0,13,4,Justin's Team,0,RB,2,4
0,13,4,Justin's Team,0,TE,0,0
0,13,4,Justin's Team,0,QB,13,30
0,13,4,Rochambeau,1,QB,23,21
0,13,4,Rochambeau,1,WR,13,18
0,13,4,Rochambeau,1,WR,8,9
0,13,4,Rochambeau,1,WR,6,4
0,13,4,Rochambeau,1,RB,9,3
0,13,4,Rochambeau,1,RB,3,2
0,13,4,Rochambeau,1,TE,7,9
0,13,4,Rochambeau,1,K,7,3
0,13,4,Rochambeau,1,DEF,9,17
0,13,4,Rochambeau,0,RB,5,6
0,13,4,Rochambeau,0,WR,8,2
0,13,4,Rochambeau,0,RB,6,10
0,13,4,Rochambeau,0,WR,7,6
0,13,4,Rochambeau,0,WR,5,0
0,13,4,Rochambeau,0,RB,5,4
0,13,5,Ken'nNat,1,QB,25,30
0,13,5,Ken'nNat,1,WR,12,1
0,13,5,Ken'nNat,1,WR,10,3
0,13,5,Ken'nNat,1,WR,6,8
0,13,5,Ken'nNat,1,RB,10,20
0,13,5,Ken'nNat,1,RB,5,3
0,13,5,Ken'nNat,1,TE,7,15
0,13,5,Ken'nNat,1,K,10,15
0,13,5,Ken'nNat,1,DEF,11,12
0,13,5,Ken'nNat,0,RB,0,0
0,13,5,Ken'nNat,0,WR,7,4
0,13,5,Ken'nNat,0,WR,7,12
0,13,5,Ken'nNat,0,RB,5,11
0,13,5,Ken'nNat,0,QB,17,47
0,13,5,Ken'nNat,0,DEF,8,14
0,13,5,TheBusters,1,QB,17,24
0,13,5,TheBusters,1,WR,11,13
0,13,5,TheBusters,1,WR,8,6
0,13,5,TheBusters,1,RB,13,9
0,13,5,TheBusters,1,RB,9,6
0,13,5,TheBusters,1,TE,8,12
0,13,5,TheBusters,1,K,9,0
0,13,5,TheBusters,1,DEF,9,26
0,13,5,TheBusters,0,WR,5,3
0,13,5,TheBusters,0,RB,6,1
0,13,5,TheBusters,0,QB,18,21
0,13,5,TheBusters,0,RB,6,4
0,13,5,TheBusters,0,WR,7,0
0,13,5,TheBusters,0,K,8,8
0,13,6,Koersteel,1,QB,21,17
0,13,6,Koersteel,1,WR,10,19
0,13,6,Koersteel,1,WR,5,1
0,13,6,Koersteel,1,WR,5,1
0,13,6,Koersteel,1,RB,12,3
0,13,6,Koersteel,1,RB,9,10
0,13,6,Koersteel,1,TE,10,2
0,13,6,Koersteel,1,K,8,6
0,13,6,Koersteel,1,DEF,5,2
0,13,6,Koersteel,0,TE,6,6
0,13,6,Koersteel,0,QB,20,19
0,13,6,Koersteel,0,WR,6,5
0,13,6,Koersteel,0,WR,7,9
0,13,6,Koersteel,0,WR,7,1
0,13,6,Koersteel,0,K,8,8
0,13,6,Tungahoo,1,QB,22,18
0,13,6,Tungahoo,1,WR,7,2
0,13,6,Tungahoo,1,WR,7,6
0,13,6,Tungahoo,1,WR,10,4
0,13,6,Tungahoo,1,RB,13,17
0,13,6,Tungahoo,1,RB,16,25
0,13,6,Tungahoo,1,TE,8,0
0,13,6,Tungahoo,1,K,9,7
0,13,6,Tungahoo,1,DEF,13,14
0,13,6,Tungahoo,0,TE,6,0
0,13,6,Tungahoo,0,RB,3,8
0,13,6,Tungahoo,0,QB,19,22
0,13,6,Tungahoo,0,RB,4,1
0,13,6,Tungahoo,0,DEF,10,-5
0,13,6,Tungahoo,0,DEF,9,5